n_trades,win_rate,avg_trade,profit_factor,cagr,sharpe,sortino,max_dd,exposure,worst_trade,worst_year,trades_per_year,market,filter,stop,cost,data_start,data_end
64,0.578125,0.005198040062002768,2.6431977283011228,0.08441337823187234,1.2389419228777858,3.3799630610931564,-0.03947490380173235,0.0885989010989011,-0.029762264053235277,0.024337677691044224,16.054945054945055,SPY,A_none,no_stop,1x,2022-09-21,2026-09-16
64,0.5625,0.0047980400620027674,2.4381402870428475,0.07750415737594696,1.143602763648572,3.093510956670283,-0.04025883466523539,0.0885989010989011,-0.030162264053235275,0.021073590586423663,16.054945054945055,SPY,A_none,no_stop,2x,2022-09-21,2026-09-16
64,0.5625,0.003423996145632789,1.9582522065301535,0.054871494383471164,1.0113219455112397,2.28300453065594,-0.030206361415476723,0.08722527472527472,-0.02040000000000002,0.01441201177385465,16.054945054945055,SPY,A_none,stop_2pct,1x,2022-09-21,2026-09-16
64,0.546875,0.0030239961456327885,1.8058981524428468,0.04813925289477772,0.8931767254237517,1.9876418016231205,-0.031667934590362434,0.08722527472527472,-0.020800000000000016,0.00713819742451971,16.054945054945055,SPY,A_none,stop_2pct,2x,2022-09-21,2026-09-16
64,0.578125,0.005198040062002768,2.6431977283011228,0.08441337823187234,1.2389419228777858,3.3799630610931564,-0.03947490380173235,0.0885989010989011,-0.029762264053235277,0.024337677691044224,16.054945054945055,SPY,A_none,stop_5pct,1x,2022-09-21,2026-09-16
64,0.5625,0.0047980400620027674,2.4381402870428475,0.07750415737594696,1.143602763648572,3.093510956670283,-0.04025883466523539,0.0885989010989011,-0.030162264053235275,0.021073590586423663,16.054945054945055,SPY,A_none,stop_5pct,2x,2022-09-21,2026-09-16
64,0.578125,0.005198040062002768,2.6431977283011228,0.08441337823187234,1.2389419228777858,3.3799630610931564,-0.03947490380173235,0.0885989010989011,-0.029762264053235277,0.024337677691044224,16.054945054945055,SPY,A_none,stop_10pct,1x,2022-09-21,2026-09-16
64,0.5625,0.0047980400620027674,2.4381402870428475,0.07750415737594696,1.143602763648572,3.093510956670283,-0.04025883466523539,0.0885989010989011,-0.030162264053235275,0.021073590586423663,16.054945054945055,SPY,A_none,stop_10pct,2x,2022-09-21,2026-09-16
44,0.5681818181818182,0.004784626338516749,2.4307568709853915,0.052853980569684156,1.0790985897977852,2.2248248597874785,-0.03947490380173235,0.06043956043956044,-0.029762264053235277,0.0048009492637968165,11.037774725274724,SPY,B_ibs_lt_0.5,no_stop,1x,2022-09-21,2026-09-16
44,0.5454545454545454,0.00438462633851675,2.2446056064527626,0.048235897710790177,0.9888847663181187,2.030975499354353,-0.04025883466523539,0.06043956043956044,-0.030162264053235275,0.0019922693035450134,11.037774725274724,SPY,B_ibs_lt_0.5,no_stop,2x,2022-09-21,2026-09-16
44,0.5681818181818182,0.004652190777915066,2.3381599296469515,0.0513275480093498,1.0506410297949054,2.386019485937964,-0.0438181093747515,0.059752747252747256,-0.02040000000000002,0.014496729441599854,11.037774725274724,SPY,B_ibs_lt_0.5,stop_2pct,1x,2022-09-21,2026-09-16
44,0.5454545454545454,0.004252190777915068,2.1632819484704515,0.046715557712372346,0.9603058668619908,2.1532359247564163,-0.048414976435107726,0.059752747252747256,-0.020800000000000016,0.011664935005052612,11.037774725274724,SPY,B_ibs_lt_0.5,stop_2pct,2x,2022-09-21,2026-09-16
44,0.5681818181818182,0.004784626338516749,2.4307568709853915,0.052853980569684156,1.0790985897977852,2.2248248597874785,-0.03947490380173235,0.06043956043956044,-0.029762264053235277,0.0048009492637968165,11.037774725274724,SPY,B_ibs_lt_0.5,stop_5pct,1x,2022-09-21,2026-09-16
44,0.5454545454545454,0.00438462633851675,2.2446056064527626,0.048235897710790177,0.9888847663181187,2.030975499354353,-0.04025883466523539,0.06043956043956044,-0.030162264053235275,0.0019922693035450134,11.037774725274724,SPY,B_ibs_lt_0.5,stop_5pct,2x,2022-09-21,2026-09-16
44,0.5681818181818182,0.004784626338516749,2.4307568709853915,0.052853980569684156,1.0790985897977852,2.2248248597874785,-0.03947490380173235,0.06043956043956044,-0.029762264053235277,0.0048009492637968165,11.037774725274724,SPY,B_ibs_lt_0.5,stop_10pct,1x,2022-09-21,2026-09-16
44,0.5454545454545454,0.00438462633851675,2.2446056064527626,0.048235897710790177,0.9888847663181187,2.030975499354353,-0.04025883466523539,0.06043956043956044,-0.030162264053235275,0.0019922693035450134,11.037774725274724,SPY,B_ibs_lt_0.5,stop_10pct,2x,2022-09-21,2026-09-16
28,0.6071428571428571,0.00491203236776855,2.6958181418460647,0.03440267047126144,0.9947151791313591,2.1874889638992214,-0.021674878353570515,0.038461538461538464,-0.018426040287839052,-0.0010368918174820108,7.024038461538462,SPY,C_ibs_lt_0.3,no_stop,1x,2022-09-21,2026-09-16
28,0.5714285714285714,0.004512032367768553,2.472973773589349,0.03151358070467225,0.9137128481484926,1.9720400192138603,-0.02519989016460522,0.038461538461538464,-0.01882604028783905,-0.0030337240786197928,7.024038461538462,SPY,C_ibs_lt_0.3,no_stop,2x,2022-09-21,2026-09-16
28,0.6071428571428571,0.004369552770636077,2.270575000393995,0.030417675545496792,0.8396791822495587,1.6626522740828997,-0.03661291375174924,0.03777472527472527,-0.02040000000000002,-0.003103035255679787,7.024038461538462,SPY,C_ibs_lt_0.3,stop_2pct,1x,2022-09-21,2026-09-16
28,0.5714285714285714,0.003969552770636078,2.1009127086403865,0.027538108109054438,0.762812809297864,1.4803757753144313,-0.04009008947351511,0.03777472527472527,-0.020800000000000016,-0.006290048461850772,7.024038461538462,SPY,C_ibs_lt_0.3,stop_2pct,2x,2022-09-21,2026-09-16
28,0.6071428571428571,0.00491203236776855,2.6958181418460647,0.03440267047126144,0.9947151791313591,2.1874889638992214,-0.021674878353570515,0.038461538461538464,-0.018426040287839052,-0.0010368918174820108,7.024038461538462,SPY,C_ibs_lt_0.3,stop_5pct,1x,2022-09-21,2026-09-16
28,0.5714285714285714,0.004512032367768553,2.472973773589349,0.03151358070467225,0.9137128481484926,1.9720400192138603,-0.02519989016460522,0.038461538461538464,-0.01882604028783905,-0.0030337240786197928,7.024038461538462,SPY,C_ibs_lt_0.3,stop_5pct,2x,2022-09-21,2026-09-16
28,0.6071428571428571,0.00491203236776855,2.6958181418460647,0.03440267047126144,0.9947151791313591,2.1874889638992214,-0.021674878353570515,0.038461538461538464,-0.018426040287839052,-0.0010368918174820108,7.024038461538462,SPY,C_ibs_lt_0.3,stop_10pct,1x,2022-09-21,2026-09-16
28,0.5714285714285714,0.004512032367768553,2.472973773589349,0.03151358070467225,0.9137128481484926,1.9720400192138603,-0.02519989016460522,0.038461538461538464,-0.01882604028783905,-0.0030337240786197928,7.024038461538462,SPY,C_ibs_lt_0.3,stop_10pct,2x,2022-09-21,2026-09-16
18,0.7222222222222222,0.005289906257770031,3.2737243598955375,0.023797785641817226,0.9623038276266702,2.1774093483183723,-0.018426040287839007,0.024725274725274724,-0.018426040287839052,0.0011746312413085658,4.5154532967032965,SPY,D_ibs_lt_0.2,no_stop,1x,2022-09-21,2026-09-16
18,0.6666666666666666,0.004889906257770032,2.993887227635924,0.02195939022012583,0.8895385436511216,1.829282666072503,-0.018826040287838963,0.024725274725274724,-0.01882604028783905,-0.0008184758696323513,4.5154532967032965,SPY,D_ibs_lt_0.2,no_stop,2x,2022-09-21,2026-09-16
18,0.7222222222222222,0.005289906257770031,3.2737243598955375,0.023797785641817226,0.9623038276266702,2.1774093483183723,-0.018426040287839007,0.024725274725274724,-0.018426040287839052,0.0011746312413085658,4.5154532967032965,SPY,D_ibs_lt_0.2,stop_2pct,1x,2022-09-21,2026-09-16
18,0.6666666666666666,0.004889906257770032,2.993887227635924,0.02195939022012583,0.8895385436511216,1.829282666072503,-0.018826040287838963,0.024725274725274724,-0.01882604028783905,-0.0008184758696323513,4.5154532967032965,SPY,D_ibs_lt_0.2,stop_2pct,2x,2022-09-21,2026-09-16
18,0.7222222222222222,0.005289906257770031,3.2737243598955375,0.023797785641817226,0.9623038276266702,2.1774093483183723,-0.018426040287839007,0.024725274725274724,-0.018426040287839052,0.0011746312413085658,4.5154532967032965,SPY,D_ibs_lt_0.2,stop_5pct,1x,2022-09-21,2026-09-16
18,0.6666666666666666,0.004889906257770032,2.993887227635924,0.02195939022012583,0.8895385436511216,1.829282666072503,-0.018826040287838963,0.024725274725274724,-0.01882604028783905,-0.0008184758696323513,4.5154532967032965,SPY,D_ibs_lt_0.2,stop_5pct,2x,2022-09-21,2026-09-16
18,0.7222222222222222,0.005289906257770031,3.2737243598955375,0.023797785641817226,0.9623038276266702,2.1774093483183723,-0.018426040287839007,0.024725274725274724,-0.018426040287839052,0.0011746312413085658,4.5154532967032965,SPY,D_ibs_lt_0.2,stop_10pct,1x,2022-09-21,2026-09-16
18,0.6666666666666666,0.004889906257770032,2.993887227635924,0.02195939022012583,0.8895385436511216,1.829282666072503,-0.018826040287838963,0.024725274725274724,-0.01882604028783905,-0.0008184758696323513,4.5154532967032965,SPY,D_ibs_lt_0.2,stop_10pct,2x,2022-09-21,2026-09-16
6,0.5,0.024981662621167352,10.758818340454837,0.03698088845742986,0.896308712873085,18.869050919549228,-0.004588035704778837,0.008241758241758242,-0.007320991295248036,-0.007320991295247992,1.5051510989010988,SPY,E_close_lt_sma180,no_stop,1x,2022-09-21,2026-09-16
6,0.5,0.024581662621167347,9.906701191671036,0.03637117603315687,0.8819572467362612,18.566924496569495,-0.004988035704778904,0.008241758241758242,-0.007720991295248036,-0.007720991295248059,1.5051510989010988,SPY,E_close_lt_sma180,no_stop,2x,2022-09-21,2026-09-16
6,0.3333333333333333,0.00702972162429991,2.1795019955267256,0.010195759856335807,0.3702022587969763,1.2749685026459716,-0.02378002366691645,0.007554945054945055,-0.02040000000000002,-0.007320991295247992,1.5051510989010988,SPY,E_close_lt_sma180,stop_2pct,1x,2022-09-21,2026-09-16
6,0.3333333333333333,0.006629721624299908,2.0647464397905053,0.009591547637305853,0.34913728475776057,1.2024211916265002,-0.02457032350208721,0.007554945054945055,-0.020800000000000016,-0.007720991295248059,1.5051510989010988,SPY,E_close_lt_sma180,stop_2pct,2x,2022-09-21,2026-09-16
6,0.5,0.024981662621167352,10.758818340454837,0.03698088845742986,0.896308712873085,18.869050919549228,-0.004588035704778837,0.008241758241758242,-0.007320991295248036,-0.007320991295247992,1.5051510989010988,SPY,E_close_lt_sma180,stop_5pct,1x,2022-09-21,2026-09-16
6,0.5,0.024581662621167347,9.906701191671036,0.03637117603315687,0.8819572467362612,18.566924496569495,-0.004988035704778904,0.008241758241758242,-0.007720991295248036,-0.007720991295248059,1.5051510989010988,SPY,E_close_lt_sma180,stop_5pct,2x,2022-09-21,2026-09-16
6,0.5,0.024981662621167352,10.758818340454837,0.03698088845742986,0.896308712873085,18.869050919549228,-0.004588035704778837,0.008241758241758242,-0.007320991295248036,-0.007320991295247992,1.5051510989010988,SPY,E_close_lt_sma180,stop_10pct,1x,2022-09-21,2026-09-16
6,0.5,0.024581662621167347,9.906701191671036,0.03637117603315687,0.8819572467362612,18.566924496569495,-0.004988035704778904,0.008241758241758242,-0.007720991295248036,-0.007720991295248059,1.5051510989010988,SPY,E_close_lt_sma180,stop_10pct,2x,2022-09-21,2026-09-16
0,,,,,,,,,,,,SPY,F_ibs_lt_0.2_and_close_lt_sma180,no_stop,1x,2022-09-21,2026-09-16
0,,,,,,,,,,,,SPY,F_ibs_lt_0.2_and_close_lt_sma180,no_stop,2x,2022-09-21,2026-09-16
0,,,,,,,,,,,,SPY,F_ibs_lt_0.2_and_close_lt_sma180,stop_2pct,1x,2022-09-21,2026-09-16
0,,,,,,,,,,,,SPY,F_ibs_lt_0.2_and_close_lt_sma180,stop_2pct,2x,2022-09-21,2026-09-16
0,,,,,,,,,,,,SPY,F_ibs_lt_0.2_and_close_lt_sma180,stop_5pct,1x,2022-09-21,2026-09-16
0,,,,,,,,,,,,SPY,F_ibs_lt_0.2_and_close_lt_sma180,stop_5pct,2x,2022-09-21,2026-09-16
0,,,,,,,,,,,,SPY,F_ibs_lt_0.2_and_close_lt_sma180,stop_10pct,1x,2022-09-21,2026-09-16
0,,,,,,,,,,,,SPY,F_ibs_lt_0.2_and_close_lt_sma180,stop_10pct,2x,2022-09-21,2026-09-16
44,0.5681818181818182,0.0027620594393339797,2.097658857281999,0.03037055289282309,0.933934302898523,2.752003286363591,-0.022999690194685507,0.061126373626373624,-0.014105874575823062,0.002299983423766916,11.037774725274724,SPY,G_close_gt_sma180_control,no_stop,1x,2022-09-21,2026-09-16
44,0.5454545454545454,0.002362059439333981,1.876427289422052,0.025842526065922522,0.7986824267660207,2.242104950651027,-0.02379027941859979,0.061126373626373624,-0.014505874575823063,-0.003297580846413295,11.037774725274724,SPY,G_close_gt_sma180_control,no_stop,2x,2022-09-21,2026-09-16
44,0.5681818181818182,0.0024168451502496785,1.844598057376744,0.02640109153879866,0.7756247074795178,1.7262178423820969,-0.02553767218105707,0.06043956043956044,-0.02040000000000002,0.002299983423766916,11.037774725274724,SPY,G_close_gt_sma180_control,stop_2pct,1x,2022-09-21,2026-09-16
44,0.5454545454545454,0.0020168451502496788,1.6633672601037897,0.021888909820746205,0.6472549263374552,1.4055814903096908,-0.02671672369542044,0.06043956043956044,-0.020800000000000016,-0.003297580846413295,11.037774725274724,SPY,G_close_gt_sma180_control,stop_2pct,2x,2022-09-21,2026-09-16
44,0.5681818181818182,0.0027620594393339797,2.097658857281999,0.03037055289282309,0.933934302898523,2.752003286363591,-0.022999690194685507,0.061126373626373624,-0.014105874575823062,0.002299983423766916,11.037774725274724,SPY,G_close_gt_sma180_control,stop_5pct,1x,2022-09-21,2026-09-16
44,0.5454545454545454,0.002362059439333981,1.876427289422052,0.025842526065922522,0.7986824267660207,2.242104950651027,-0.02379027941859979,0.061126373626373624,-0.014505874575823063,-0.003297580846413295,11.037774725274724,SPY,G_close_gt_sma180_control,stop_5pct,2x,2022-09-21,2026-09-16
44,0.5681818181818182,0.0027620594393339797,2.097658857281999,0.03037055289282309,0.933934302898523,2.752003286363591,-0.022999690194685507,0.061126373626373624,-0.014105874575823062,0.002299983423766916,11.037774725274724,SPY,G_close_gt_sma180_control,stop_10pct,1x,2022-09-21,2026-09-16
44,0.5454545454545454,0.002362059439333981,1.876427289422052,0.025842526065922522,0.7986824267660207,2.242104950651027,-0.02379027941859979,0.061126373626373624,-0.014505874575823063,-0.003297580846413295,11.037774725274724,SPY,G_close_gt_sma180_control,stop_10pct,2x,2022-09-21,2026-09-16
86,0.5813953488372093,0.0001890989622783757,1.0517212470092645,0.003074439914012128,0.09013035562438013,0.12811672776823851,-0.053138422860067536,0.11980609418282548,-0.026580836707152545,-0.02967901476452972,21.753116343490305,FTSE100,A_none,no_stop,1x,2022-10-04,2026-09-17
86,0.5232558139534884,-0.0002109010377216243,0.9449665364776995,-0.005616621518984455,-0.10052189235929257,-0.1387534755721662,-0.06441931581634186,0.11980609418282548,-0.026980836707152542,-0.037038856328578174,21.753116343490305,FTSE100,A_none,no_stop,2x,2022-10-04,2026-09-17
86,0.5813953488372093,0.00016734620045329962,1.045500842414651,0.0026002329898220378,0.07976347828240107,0.11451499398399449,-0.05565106995698843,0.11842105263157894,-0.02040000000000002,-0.03624227016296355,21.753116343490305,FTSE100,A_none,stop_2pct,1x,2022-10-04,2026-09-17
86,0.5232558139534884,-0.00023265379954670064,0.9396329325292307,-0.00608690756699648,-0.11089153047511244,-0.15417503139824387,-0.06515569695852974,0.11842105263157894,-0.020800000000000016,-0.04355497378249529,21.753116343490305,FTSE100,A_none,stop_2pct,2x,2022-10-04,2026-09-17
86,0.5813953488372093,0.0001890989622783757,1.0517212470092645,0.003074439914012128,0.09013035562438013,0.12811672776823851,-0.053138422860067536,0.11980609418282548,-0.026580836707152545,-0.02967901476452972,21.753116343490305,FTSE100,A_none,stop_5pct,1x,2022-10-04,2026-09-17
86,0.5232558139534884,-0.0002109010377216243,0.9449665364776995,-0.005616621518984455,-0.10052189235929257,-0.1387534755721662,-0.06441931581634186,0.11980609418282548,-0.026980836707152542,-0.037038856328578174,21.753116343490305,FTSE100,A_none,stop_5pct,2x,2022-10-04,2026-09-17
86,0.5813953488372093,0.0001890989622783757,1.0517212470092645,0.003074439914012128,0.09013035562438013,0.12811672776823851,-0.053138422860067536,0.11980609418282548,-0.026580836707152545,-0.02967901476452972,21.753116343490305,FTSE100,A_none,stop_10pct,1x,2022-10-04,2026-09-17
86,0.5232558139534884,-0.0002109010377216243,0.9449665364776995,-0.005616621518984455,-0.10052189235929257,-0.1387534755721662,-0.06441931581634186,0.11980609418282548,-0.026980836707152542,-0.037038856328578174,21.753116343490305,FTSE100,A_none,stop_10pct,2x,2022-10-04,2026-09-17
59,0.5084745762711864,-0.000984164424394509,0.7742551016167667,-0.015303995534349357,-0.3856033924869364,-0.570725297300063,-0.07818859565440062,0.0817174515235457,-0.026580836707152545,-0.04741523189718333,14.923649584487535,FTSE100,B_ibs_lt_0.5,no_stop,1x,2022-10-04,2026-09-17
59,0.4745762711864407,-0.0013841644243945091,0.6962875016115101,-0.021172087746999968,-0.5423265509059874,-0.7828132937409219,-0.09486864596562838,0.0817174515235457,-0.026980836707152542,-0.05351212418946982,14.923649584487535,FTSE100,B_ibs_lt_0.5,no_stop,2x,2022-10-04,2026-09-17
59,0.5084745762711864,-0.0010096019589152965,0.7697636914208709,-0.015675511512132645,-0.39622281733887754,-0.5954126191520195,-0.08537034933794452,0.08033240997229917,-0.02040000000000002,-0.05385851944516884,14.923649584487535,FTSE100,B_ibs_lt_0.5,stop_2pct,1x,2022-10-04,2026-09-17
59,0.4745762711864407,-0.0014096019589152965,0.6924227523098729,-0.021541536517365012,-0.5532046115360972,-0.8086864360136069,-0.09992362217117323,0.08033240997229917,-0.020800000000000016,-0.05991677115577998,14.923649584487535,FTSE100,B_ibs_lt_0.5,stop_2pct,2x,2022-10-04,2026-09-17
59,0.5084745762711864,-0.000984164424394509,0.7742551016167667,-0.015303995534349357,-0.3856033924869364,-0.570725297300063,-0.07818859565440062,0.0817174515235457,-0.026580836707152545,-0.04741523189718333,14.923649584487535,FTSE100,B_ibs_lt_0.5,stop_5pct,1x,2022-10-04,2026-09-17
59,0.4745762711864407,-0.0013841644243945091,0.6962875016115101,-0.021172087746999968,-0.5423265509059874,-0.7828132937409219,-0.09486864596562838,0.0817174515235457,-0.026980836707152542,-0.05351212418946982,14.923649584487535,FTSE100,B_ibs_lt_0.5,stop_5pct,2x,2022-10-04,2026-09-17
59,0.5084745762711864,-0.000984164424394509,0.7742551016167667,-0.015303995534349357,-0.3856033924869364,-0.570725297300063,-0.07818859565440062,0.0817174515235457,-0.026580836707152545,-0.04741523189718333,14.923649584487535,FTSE100,B_ibs_lt_0.5,stop_10pct,1x,2022-10-04,2026-09-17
59,0.4745762711864407,-0.0013841644243945091,0.6962875016115101,-0.021172087746999968,-0.5423265509059874,-0.7828132937409219,-0.09486864596562838,0.0817174515235457,-0.026980836707152542,-0.05351212418946982,14.923649584487535,FTSE100,B_ibs_lt_0.5,stop_10pct,2x,2022-10-04,2026-09-17
37,0.5945945945945946,-0.000278965654257085,0.927987194365433,-0.003021039478783627,-0.09089967424327033,-0.12532739909159535,-0.0575404030241905,0.05124653739612189,-0.026580836707152545,-0.03719183857072561,9.358898891966758,FTSE100,C_ibs_lt_0.3,no_stop,1x,2022-10-04,2026-09-17
37,0.5945945945945946,-0.0006789656542570852,0.8317724723996595,-0.0067484245098715645,-0.2212378328747991,-0.3050303799841437,-0.06507398421907884,0.05124653739612189,-0.026980836707152542,-0.04028330664405344,9.358898891966758,FTSE100,C_ibs_lt_0.3,no_stop,2x,2022-10-04,2026-09-17
37,0.5945945945945946,-0.0002776595690972948,0.9283001760488436,-0.002998636990759085,-0.0915722688708332,-0.13226206471981236,-0.057456676245731364,0.05055401662049862,-0.02040000000000002,-0.031078377637844934,9.358898891966758,FTSE100,C_ibs_lt_0.3,stop_2pct,1x,2022-10-04,2026-09-17
37,0.5945945945945946,-0.0006776595690972946,0.8320417286905277,-0.00672609260406154,-0.22349247485335458,-0.3228005217948736,-0.06499087768744494,0.05055401662049862,-0.020800000000000016,-0.03418697021971484,9.358898891966758,FTSE100,C_ibs_lt_0.3,stop_2pct,2x,2022-10-04,2026-09-17
37,0.5945945945945946,-0.000278965654257085,0.927987194365433,-0.003021039478783627,-0.09089967424327033,-0.12532739909159535,-0.0575404030241905,0.05124653739612189,-0.026580836707152545,-0.03719183857072561,9.358898891966758,FTSE100,C_ibs_lt_0.3,stop_5pct,1x,2022-10-04,2026-09-17
37,0.5945945945945946,-0.0006789656542570852,0.8317724723996595,-0.0067484245098715645,-0.2212378328747991,-0.3050303799841437,-0.06507398421907884,0.05124653739612189,-0.026980836707152542,-0.04028330664405344,9.358898891966758,FTSE100,C_ibs_lt_0.3,stop_5pct,2x,2022-10-04,2026-09-17
37,0.5945945945945946,-0.000278965654257085,0.927987194365433,-0.003021039478783627,-0.09089967424327033,-0.12532739909159535,-0.0575404030241905,0.05124653739612189,-0.026580836707152545,-0.03719183857072561,9.358898891966758,FTSE100,C_ibs_lt_0.3,stop_10pct,1x,2022-10-04,2026-09-17
37,0.5945945945945946,-0.0006789656542570852,0.8317724723996595,-0.0067484245098715645,-0.2212378328747991,-0.3050303799841437,-0.06507398421907884,0.05124653739612189,-0.026980836707152542,-0.04028330664405344,9.358898891966758,FTSE100,C_ibs_lt_0.3,stop_10pct,2x,2022-10-04,2026-09-17
28,0.5714285714285714,7.760496413548239e-05,1.0211020480472344,0.00022444514919439662,0.021598056606805967,0.02851623848303995,-0.039052023037043915,0.038781163434903045,-0.026580836707152545,-0.026455442207230284,7.0824099722991685,FTSE100,D_ibs_lt_0.2,no_stop,1x,2022-10-04,2026-09-17
28,0.5714285714285714,-0.00032239503586451763,0.9162399698644559,-0.0026057508508660066,-0.08972501066038681,-0.11846527900471476,-0.04519914862194352,0.038781163434903045,-0.026980836707152542,-0.02918872887007984,7.0824099722991685,FTSE100,D_ibs_lt_0.2,no_stop,2x,2022-10-04,2026-09-17
28,0.5714285714285714,0.0002983491322480723,1.0863064158042273,0.0018271015002706559,0.08822927918854305,0.1308327896096032,-0.0329503735589457,0.038781163434903045,-0.02040000000000002,-0.020273809293307687,7.0824099722991685,FTSE100,D_ibs_lt_0.2,stop_2pct,1x,2022-10-04,2026-09-17
28,0.5714285714285714,-0.0001016508677519274,0.9719837916362469,-0.0010069738902716008,-0.03006069675170111,-0.04457618661066995,-0.03913403873217891,0.038781163434903045,-0.020800000000000016,-0.023021917190841346,7.0824099722991685,FTSE100,D_ibs_lt_0.2,stop_2pct,2x,2022-10-04,2026-09-17
28,0.5714285714285714,7.760496413548239e-05,1.0211020480472344,0.00022444514919439662,0.021598056606805967,0.02851623848303995,-0.039052023037043915,0.038781163434903045,-0.026580836707152545,-0.026455442207230284,7.0824099722991685,FTSE100,D_ibs_lt_0.2,stop_5pct,1x,2022-10-04,2026-09-17
28,0.5714285714285714,-0.00032239503586451763,0.9162399698644559,-0.0026057508508660066,-0.08972501066038681,-0.11846527900471476,-0.04519914862194352,0.038781163434903045,-0.026980836707152542,-0.02918872887007984,7.0824099722991685,FTSE100,D_ibs_lt_0.2,stop_5pct,2x,2022-10-04,2026-09-17
28,0.5714285714285714,7.760496413548239e-05,1.0211020480472344,0.00022444514919439662,0.021598056606805967,0.02851623848303995,-0.039052023037043915,0.038781163434903045,-0.026580836707152545,-0.026455442207230284,7.0824099722991685,FTSE100,D_ibs_lt_0.2,stop_10pct,1x,2022-10-04,2026-09-17
28,0.5714285714285714,-0.00032239503586451763,0.9162399698644559,-0.0026057508508660066,-0.08972501066038681,-0.11846527900471476,-0.04519914862194352,0.038781163434903045,-0.026980836707152542,-0.02918872887007984,7.0824099722991685,FTSE100,D_ibs_lt_0.2,stop_10pct,2x,2022-10-04,2026-09-17
20,0.55,0.0010770040538786276,1.2920284209507276,0.005186746049926194,0.23319500489293074,0.45736751907558515,-0.02476768141354657,0.028393351800554016,-0.02007702537657745,-0.007890636704119713,5.058864265927978,FTSE100,E_close_lt_sma180,no_stop,1x,2022-10-04,2026-09-17
20,0.45,0.0006770040538786278,1.1738667399887635,0.0031563217682675226,0.14658622972514093,0.2639034838425864,-0.0271158168429827,0.028393351800554016,-0.02047702537657745,-0.00829063670411978,5.058864265927978,FTSE100,E_close_lt_sma180,no_stop,2x,2022-10-04,2026-09-17
20,0.55,0.0010608553227074993,1.2863956673262877,0.00510293530142758,0.22896948421344931,0.44373523142207055,-0.02508911003498049,0.028393351800554016,-0.02040000000000002,-0.007890636704119713,5.058864265927978,FTSE100,E_close_lt_sma180,stop_2pct,1x,2022-10-04,2026-09-17
20,0.45,0.0006608553227074995,1.169018489755627,0.003072646152863401,0.142635568810517,0.25458548100085593,-0.02743660248132851,0.028393351800554016,-0.020800000000000016,-0.00829063670411978,5.058864265927978,FTSE100,E_close_lt_sma180,stop_2pct,2x,2022-10-04,2026-09-17
20,0.55,0.0010770040538786276,1.2920284209507276,0.005186746049926194,0.23319500489293074,0.45736751907558515,-0.02476768141354657,0.028393351800554016,-0.02007702537657745,-0.007890636704119713,5.058864265927978,FTSE100,E_close_lt_sma180,stop_5pct,1x,2022-10-04,2026-09-17
20,0.45,0.0006770040538786278,1.1738667399887635,0.0031563217682675226,0.14658622972514093,0.2639034838425864,-0.0271158168429827,0.028393351800554016,-0.02047702537657745,-0.00829063670411978,5.058864265927978,FTSE100,E_close_lt_sma180,stop_5pct,2x,2022-10-04,2026-09-17
20,0.55,0.0010770040538786276,1.2920284209507276,0.005186746049926194,0.23319500489293074,0.45736751907558515,-0.02476768141354657,0.028393351800554016,-0.02007702537657745,-0.007890636704119713,5.058864265927978,FTSE100,E_close_lt_sma180,stop_10pct,1x,2022-10-04,2026-09-17
20,0.45,0.0006770040538786278,1.1738667399887635,0.0031563217682675226,0.14658622972514093,0.2639034838425864,-0.0271158168429827,0.028393351800554016,-0.02047702537657745,-0.00829063670411978,5.058864265927978,FTSE100,E_close_lt_sma180,stop_10pct,2x,2022-10-04,2026-09-17
5,0.4,-0.0015595663039273948,0.6954609037542601,-0.002022645200842832,-0.1960066397104021,-0.5190472476463474,-0.020746402292629473,0.006925207756232687,-0.012958012558012476,-0.007890636704119713,1.2647160664819945,FTSE100,F_ibs_lt_0.2_and_close_lt_sma180,no_stop,1x,2022-10-04,2026-09-17
5,0.4,-0.0019595663039273957,0.6344823002340638,-0.002528310745370077,-0.24627872861532565,-0.652173295917396,-0.021537902832924782,0.006925207756232687,-0.013358012558012477,-0.00829063670411978,1.2647160664819945,FTSE100,F_ibs_lt_0.2_and_close_lt_sma180,no_stop,2x,2022-10-04,2026-09-17
5,0.4,-0.0015595663039273948,0.6954609037542601,-0.002022645200842832,-0.1960066397104021,-0.5190472476463474,-0.020746402292629473,0.006925207756232687,-0.012958012558012476,-0.007890636704119713,1.2647160664819945,FTSE100,F_ibs_lt_0.2_and_close_lt_sma180,stop_2pct,1x,2022-10-04,2026-09-17
5,0.4,-0.0019595663039273957,0.6344823002340638,-0.002528310745370077,-0.24627872861532565,-0.652173295917396,-0.021537902832924782,0.006925207756232687,-0.013358012558012477,-0.00829063670411978,1.2647160664819945,FTSE100,F_ibs_lt_0.2_and_close_lt_sma180,stop_2pct,2x,2022-10-04,2026-09-17
5,0.4,-0.0015595663039273948,0.6954609037542601,-0.002022645200842832,-0.1960066397104021,-0.5190472476463474,-0.020746402292629473,0.006925207756232687,-0.012958012558012476,-0.007890636704119713,1.2647160664819945,FTSE100,F_ibs_lt_0.2_and_close_lt_sma180,stop_5pct,1x,2022-10-04,2026-09-17
5,0.4,-0.0019595663039273957,0.6344823002340638,-0.002528310745370077,-0.24627872861532565,-0.652173295917396,-0.021537902832924782,0.006925207756232687,-0.013358012558012477,-0.00829063670411978,1.2647160664819945,FTSE100,F_ibs_lt_0.2_and_close_lt_sma180,stop_5pct,2x,2022-10-04,2026-09-17
5,0.4,-0.0015595663039273948,0.6954609037542601,-0.002022645200842832,-0.1960066397104021,-0.5190472476463474,-0.020746402292629473,0.006925207756232687,-0.012958012558012476,-0.007890636704119713,1.2647160664819945,FTSE100,F_ibs_lt_0.2_and_close_lt_sma180,stop_10pct,1x,2022-10-04,2026-09-17
5,0.4,-0.0019595663039273957,0.6344823002340638,-0.002528310745370077,-0.24627872861532565,-0.652173295917396,-0.021537902832924782,0.006925207756232687,-0.013358012558012477,-0.00829063670411978,1.2647160664819945,FTSE100,F_ibs_lt_0.2_and_close_lt_sma180,stop_10pct,2x,2022-10-04,2026-09-17
56,0.5892857142857143,0.00012226281259061937,1.036151633213954,0.001154696854457793,0.0509795746285986,0.07342596178639539,-0.03369630666279855,0.07756232686980609,-0.01986472019464718,-0.021961669616771817,14.164819944598337,FTSE100,G_close_gt_sma180_control,no_stop,1x,2022-10-04,2026-09-17
56,0.5535714285714286,-0.00027773718740938067,0.9217098804373606,-0.0045026331839499445,-0.11580727919357503,-0.16212044967482714,-0.03641203813600358,0.07756232686980609,-0.020264720194647177,-0.028988553187514143,14.164819944598337,FTSE100,G_close_gt_sma180_control,no_stop,2x,2022-10-04,2026-09-17
56,0.5892857142857143,-1.4909531050076822e-05,0.9957632746388843,-0.0008240052461917502,-0.0060372958368172915,-0.008310089662466961,-0.033696306662798436,0.07617728531855955,-0.02040000000000002,-0.028577125171621254,14.164819944598337,FTSE100,G_close_gt_sma180_control,stop_2pct,1x,2022-10-04,2026-09-17
56,0.5535714285714286,-0.00041490953105007667,0.887396980137514,-0.006470954889482905,-0.16800874394044313,-0.22581606765327236,-0.036412038136003355,0.07617728531855955,-0.020800000000000016,-0.0355591450313395,14.164819944598337,FTSE100,G_close_gt_sma180_control,stop_2pct,2x,2022-10-04,2026-09-17
56,0.5892857142857143,0.00012226281259061937,1.036151633213954,0.001154696854457793,0.0509795746285986,0.07342596178639539,-0.03369630666279855,0.07756232686980609,-0.01986472019464718,-0.021961669616771817,14.164819944598337,FTSE100,G_close_gt_sma180_control,stop_5pct,1x,2022-10-04,2026-09-17
56,0.5535714285714286,-0.00027773718740938067,0.9217098804373606,-0.0045026331839499445,-0.11580727919357503,-0.16212044967482714,-0.03641203813600358,0.07756232686980609,-0.020264720194647177,-0.028988553187514143,14.164819944598337,FTSE100,G_close_gt_sma180_control,stop_5pct,2x,2022-10-04,2026-09-17
56,0.5892857142857143,0.00012226281259061937,1.036151633213954,0.001154696854457793,0.0509795746285986,0.07342596178639539,-0.03369630666279855,0.07756232686980609,-0.01986472019464718,-0.021961669616771817,14.164819944598337,FTSE100,G_close_gt_sma180_control,stop_10pct,1x,2022-10-04,2026-09-17
56,0.5535714285714286,-0.00027773718740938067,0.9217098804373606,-0.0045026331839499445,-0.11580727919357503,-0.16212044967482714,-0.03641203813600358,0.07756232686980609,-0.020264720194647177,-0.028988553187514143,14.164819944598337,FTSE100,G_close_gt_sma180_control,stop_10pct,2x,2022-10-04,2026-09-17
93,0.5161290322580645,-0.00018206109877804295,0.9595443120214088,-0.005717182785127672,-0.08071849572096601,-0.14406886313201406,-0.13100223586816184,0.1289198606271777,-0.026350897528581597,-0.08284034409176588,23.6712543554007,DAX30,A_none,no_stop,1x,2022-10-13,2026-09-17
93,0.5161290322580645,-0.000582061098778043,0.8759938415446303,-0.015091807974824012,-0.2580622473795733,-0.46059746610975055,-0.13763181412749348,0.1289198606271777,-0.026750897528581594,-0.09236328169971608,23.6712543554007,DAX30,A_none,no_stop,2x,2022-10-13,2026-09-17
93,0.5161290322580645,-0.00041573635353290536,0.9121795366784379,-0.011276785608086759,-0.17976038903310285,-0.31337181178027,-0.124223472972535,0.12752613240418118,-0.02040000000000013,-0.07568588627673623,23.6712543554007,DAX30,A_none,stop_2pct,1x,2022-10-13,2026-09-17
93,0.5161290322580645,-0.0008157363535329053,0.8344517249211324,-0.020601219638608503,-0.3527165305930204,-0.6148819483052604,-0.13090199809720438,0.12752613240418118,-0.020800000000000127,-0.0852801955694964,23.6712543554007,DAX30,A_none,stop_2pct,2x,2022-10-13,2026-09-17
93,0.5161290322580645,-0.00018206109877804295,0.9595443120214088,-0.005717182785127672,-0.08071849572096601,-0.14406886313201406,-0.13100223586816184,0.1289198606271777,-0.026350897528581597,-0.08284034409176588,23.6712543554007,DAX30,A_none,stop_5pct,1x,2022-10-13,2026-09-17
93,0.5161290322580645,-0.000582061098778043,0.8759938415446303,-0.015091807974824012,-0.2580622473795733,-0.46059746610975055,-0.13763181412749348,0.1289198606271777,-0.026750897528581594,-0.09236328169971608,23.6712543554007,DAX30,A_none,stop_5pct,2x,2022-10-13,2026-09-17
93,0.5161290322580645,-0.00018206109877804295,0.9595443120214088,-0.005717182785127672,-0.08071849572096601,-0.14406886313201406,-0.13100223586816184,0.1289198606271777,-0.026350897528581597,-0.08284034409176588,23.6712543554007,DAX30,A_none,stop_10pct,1x,2022-10-13,2026-09-17
93,0.5161290322580645,-0.000582061098778043,0.8759938415446303,-0.015091807974824012,-0.2580622473795733,-0.46059746610975055,-0.13763181412749348,0.1289198606271777,-0.026750897528581594,-0.09236328169971608,23.6712543554007,DAX30,A_none,stop_10pct,2x,2022-10-13,2026-09-17
58,0.3793103448275862,-0.002488433825463197,0.5759248415706171,-0.03705047680694151,-0.8328733230656966,-1.5050148162276273,-0.1557845807511048,0.0808362369337979,-0.026350897528581597,-0.09554535532712405,14.762717770034843,DAX30,B_ibs_lt_0.5,no_stop,1x,2022-10-13,2026-09-17
58,0.3793103448275862,-0.0028884338254631966,0.5277391750483427,-0.04273600488163998,-0.9667524424609113,-1.7469364298670793,-0.17189905449031662,0.0808362369337979,-0.026750897528581594,-0.1027901938906598,14.762717770034843,DAX30,B_ibs_lt_0.5,no_stop,2x,2022-10-13,2026-09-17
58,0.3793103448275862,-0.0025717235213354225,0.5678645130537753,-0.03824642549864288,-0.8563459420914497,-1.5493854474229702,-0.1549763968642902,0.0794425087108014,-0.02040000000000013,-0.08849000508440985,14.762717770034843,DAX30,B_ibs_lt_0.5,stop_2pct,1x,2022-10-13,2026-09-17
58,0.3793103448275862,-0.002971723521335422,0.5206490184175396,-0.0439253728380159,-0.9895400331338295,-1.7903733194969356,-0.17243153195648775,0.0794425087108014,-0.020800000000000127,-0.0957884781100875,14.762717770034843,DAX30,B_ibs_lt_0.5,stop_2pct,2x,2022-10-13,2026-09-17
58,0.3793103448275862,-0.002488433825463197,0.5759248415706171,-0.03705047680694151,-0.8328733230656966,-1.5050148162276273,-0.1557845807511048,0.0808362369337979,-0.026350897528581597,-0.09554535532712405,14.762717770034843,DAX30,B_ibs_lt_0.5,stop_5pct,1x,2022-10-13,2026-09-17
58,0.3793103448275862,-0.0028884338254631966,0.5277391750483427,-0.04273600488163998,-0.9667524424609113,-1.7469364298670793,-0.17189905449031662,0.0808362369337979,-0.026750897528581594,-0.1027901938906598,14.762717770034843,DAX30,B_ibs_lt_0.5,stop_5pct,2x,2022-10-13,2026-09-17
58,0.3793103448275862,-0.002488433825463197,0.5759248415706171,-0.03705047680694151,-0.8328733230656966,-1.5050148162276273,-0.1557845807511048,0.0808362369337979,-0.026350897528581597,-0.09554535532712405,14.762717770034843,DAX30,B_ibs_lt_0.5,stop_10pct,1x,2022-10-13,2026-09-17
58,0.3793103448275862,-0.0028884338254631966,0.5277391750483427,-0.04273600488163998,-0.9667524424609113,-1.7469364298670793,-0.17189905449031662,0.0808362369337979,-0.026750897528581594,-0.1027901938906598,14.762717770034843,DAX30,B_ibs_lt_0.5,stop_10pct,2x,2022-10-13,2026-09-17
42,0.35714285714285715,-0.0030026810088663557,0.5084945087279811,-0.032316045602632903,-0.8562048904139512,-1.5621197316233424,-0.12525704559023054,0.059233449477351915,-0.026350897528581597,-0.06827742064742015,10.690243902439024,DAX30,C_ibs_lt_0.3,no_stop,1x,2022-10-13,2026-09-17
42,0.35714285714285715,-0.0034026810088663554,0.46551614453693146,-0.03645890166881327,-0.970263611654834,-1.7702163928418595,-0.13677685644800175,0.059233449477351915,-0.026750897528581594,-0.07350810090129378,10.690243902439024,DAX30,C_ibs_lt_0.3,no_stop,2x,2022-10-13,2026-09-17
42,0.35714285714285715,-0.0032019084509652164,0.49243553738613766,-0.03440722496060988,-0.8962771745418064,-1.5938243121980205,-0.12899794035383028,0.0578397212543554,-0.02040000000000013,-0.06439949637184383,10.690243902439024,DAX30,C_ibs_lt_0.3,stop_2pct,1x,2022-10-13,2026-09-17
42,0.35714285714285715,-0.0036019084509652166,0.45139029011909915,-0.038541973675012,-1.0082450447376734,-1.7929336042475874,-0.14321709977959773,0.0578397212543554,-0.020800000000000127,-0.06965036096111943,10.690243902439024,DAX30,C_ibs_lt_0.3,stop_2pct,2x,2022-10-13,2026-09-17
42,0.35714285714285715,-0.0030026810088663557,0.5084945087279811,-0.032316045602632903,-0.8562048904139512,-1.5621197316233424,-0.12525704559023054,0.059233449477351915,-0.026350897528581597,-0.06827742064742015,10.690243902439024,DAX30,C_ibs_lt_0.3,stop_5pct,1x,2022-10-13,2026-09-17
42,0.35714285714285715,-0.0034026810088663554,0.46551614453693146,-0.03645890166881327,-0.970263611654834,-1.7702163928418595,-0.13677685644800175,0.059233449477351915,-0.026750897528581594,-0.07350810090129378,10.690243902439024,DAX30,C_ibs_lt_0.3,stop_5pct,2x,2022-10-13,2026-09-17
42,0.35714285714285715,-0.0030026810088663557,0.5084945087279811,-0.032316045602632903,-0.8562048904139512,-1.5621197316233424,-0.12525704559023054,0.059233449477351915,-0.026350897528581597,-0.06827742064742015,10.690243902439024,DAX30,C_ibs_lt_0.3,stop_10pct,1x,2022-10-13,2026-09-17
42,0.35714285714285715,-0.0034026810088663554,0.46551614453693146,-0.03645890166881327,-0.970263611654834,-1.7702163928418595,-0.13677685644800175,0.059233449477351915,-0.026750897528581594,-0.07350810090129378,10.690243902439024,DAX30,C_ibs_lt_0.3,stop_10pct,2x,2022-10-13,2026-09-17
32,0.3125,-0.0036330723231142474,0.4746605489289691,-0.02982048327866993,-0.8334960151978037,-1.6319376877435379,-0.12253220426754141,0.04529616724738676,-0.026350897528581597,-0.07385605244478721,8.144947735191638,DAX30,D_ibs_lt_0.2,no_stop,1x,2022-10-13,2026-09-17
32,0.3125,-0.004033072323114247,0.4391239739733108,-0.0329887737975576,-0.9252636367664636,-1.8116134599389724,-0.13235296783454042,0.04529616724738676,-0.026750897528581594,-0.07795159856454092,8.144947735191638,DAX30,D_ibs_lt_0.2,no_stop,2x,2022-10-13,2026-09-17
32,0.3125,-0.0037679745472485723,0.4655786197491313,-0.030899725407973366,-0.8576084594227867,-1.6705559111123736,-0.1227477377714451,0.04390243902439024,-0.02040000000000013,-0.07000134700296157,8.144947735191638,DAX30,D_ibs_lt_0.2,stop_2pct,1x,2022-10-13,2026-09-17
32,0.3125,-0.004167974547248572,0.4310373932811643,-0.034064927249297106,-0.9486503121390184,-1.8478985008952304,-0.132566167096684,0.04390243902439024,-0.020800000000000127,-0.07411236052214487,8.144947735191638,DAX30,D_ibs_lt_0.2,stop_2pct,2x,2022-10-13,2026-09-17
32,0.3125,-0.0036330723231142474,0.4746605489289691,-0.02982048327866993,-0.8334960151978037,-1.6319376877435379,-0.12253220426754141,0.04529616724738676,-0.026350897528581597,-0.07385605244478721,8.144947735191638,DAX30,D_ibs_lt_0.2,stop_5pct,1x,2022-10-13,2026-09-17
32,0.3125,-0.004033072323114247,0.4391239739733108,-0.0329887737975576,-0.9252636367664636,-1.8116134599389724,-0.13235296783454042,0.04529616724738676,-0.026750897528581594,-0.07795159856454092,8.144947735191638,DAX30,D_ibs_lt_0.2,stop_5pct,2x,2022-10-13,2026-09-17
32,0.3125,-0.0036330723231142474,0.4746605489289691,-0.02982048327866993,-0.8334960151978037,-1.6319376877435379,-0.12253220426754141,0.04529616724738676,-0.026350897528581597,-0.07385605244478721,8.144947735191638,DAX30,D_ibs_lt_0.2,stop_10pct,1x,2022-10-13,2026-09-17
32,0.3125,-0.004033072323114247,0.4391239739733108,-0.0329887737975576,-0.9252636367664636,-1.8116134599389724,-0.13235296783454042,0.04529616724738676,-0.026750897528581594,-0.07795159856454092,8.144947735191638,DAX30,D_ibs_lt_0.2,stop_10pct,2x,2022-10-13,2026-09-17
10,0.6,0.006899762848609194,2.981472357228445,0.017360141003119,0.7218759888182014,3.9497631551113255,-0.01006012798407041,0.013937282229965157,-0.012606038237018046,-0.00640011521191397,2.5452961672473866,DAX30,E_close_lt_sma180,no_stop,1x,2022-10-13,2026-09-17
10,0.6,0.006499762848609192,2.7846002691550833,0.016331527203879093,0.6800266670570214,3.7207835080263525,-0.010460127984070478,0.013937282229965157,-0.013006038237018047,-0.006800115211914037,2.5452961672473866,DAX30,E_close_lt_sma180,no_stop,2x,2022-10-13,2026-09-17
10,0.6,0.0054997743698005815,2.1265117531864957,0.013692222821476419,0.5175625073863006,1.6470511907441157,-0.020400000000000085,0.013937282229965157,-0.02040000000000013,-0.020400000000000085,2.5452961672473866,DAX30,E_close_lt_sma180,stop_2pct,1x,2022-10-13,2026-09-17
10,0.6,0.005099774369800581,2.011432980647835,0.012665833953731331,0.47992005352650224,1.5272607353546643,-0.02080000000000015,0.013937282229965157,-0.020800000000000127,-0.02080000000000015,2.5452961672473866,DAX30,E_close_lt_sma180,stop_2pct,2x,2022-10-13,2026-09-17
10,0.6,0.006899762848609194,2.981472357228445,0.017360141003119,0.7218759888182014,3.9497631551113255,-0.01006012798407041,0.013937282229965157,-0.012606038237018046,-0.00640011521191397,2.5452961672473866,DAX30,E_close_lt_sma180,stop_5pct,1x,2022-10-13,2026-09-17
10,0.6,0.006499762848609192,2.7846002691550833,0.016331527203879093,0.6800266670570214,3.7207835080263525,-0.010460127984070478,0.013937282229965157,-0.013006038237018047,-0.006800115211914037,2.5452961672473866,DAX30,E_close_lt_sma180,stop_5pct,2x,2022-10-13,2026-09-17
10,0.6,0.006899762848609194,2.981472357228445,0.017360141003119,0.7218759888182014,3.9497631551113255,-0.01006012798407041,0.013937282229965157,-0.012606038237018046,-0.00640011521191397,2.5452961672473866,DAX30,E_close_lt_sma180,stop_10pct,1x,2022-10-13,2026-09-17
10,0.6,0.006499762848609192,2.7846002691550833,0.016331527203879093,0.6800266670570214,3.7207835080263525,-0.010460127984070478,0.013937282229965157,-0.013006038237018047,-0.006800115211914037,2.5452961672473866,DAX30,E_close_lt_sma180,stop_10pct,2x,2022-10-13,2026-09-17
3,0.3333333333333333,0.007480440453698291,2.418968122739435,0.005528365744088326,0.2993962650944948,3.0367719870483003,-0.005755111979016236,0.004181184668989547,-0.010060127984070454,-0.01006012798407041,0.7635888501742161,DAX30,F_ibs_lt_0.2_and_close_lt_sma180,no_stop,1x,2022-10-13,2026-09-17
3,0.3333333333333333,0.0070804404536982885,2.2784239895593243,0.0052233665304983745,0.2833867123443502,2.874387325030332,-0.006155111979016303,0.004181184668989547,-0.010460127984070455,-0.010460127984070478,0.7635888501742161,DAX30,F_ibs_lt_0.2_and_close_lt_sma180,no_stop,2x,2022-10-13,2026-09-17
3,0.3333333333333333,0.007480440453698291,2.418968122739435,0.005528365744088326,0.2993962650944948,3.0367719870483003,-0.005755111979016236,0.004181184668989547,-0.010060127984070454,-0.01006012798407041,0.7635888501742161,DAX30,F_ibs_lt_0.2_and_close_lt_sma180,stop_2pct,1x,2022-10-13,2026-09-17
3,0.3333333333333333,0.0070804404536982885,2.2784239895593243,0.0052233665304983745,0.2833867123443502,2.874387325030332,-0.006155111979016303,0.004181184668989547,-0.010460127984070455,-0.010460127984070478,0.7635888501742161,DAX30,F_ibs_lt_0.2_and_close_lt_sma180,stop_2pct,2x,2022-10-13,2026-09-17
3,0.3333333333333333,0.007480440453698291,2.418968122739435,0.005528365744088326,0.2993962650944948,3.0367719870483003,-0.005755111979016236,0.004181184668989547,-0.010060127984070454,-0.01006012798407041,0.7635888501742161,DAX30,F_ibs_lt_0.2_and_close_lt_sma180,stop_5pct,1x,2022-10-13,2026-09-17
3,0.3333333333333333,0.0070804404536982885,2.2784239895593243,0.0052233665304983745,0.2833867123443502,2.874387325030332,-0.006155111979016303,0.004181184668989547,-0.010460127984070455,-0.010460127984070478,0.7635888501742161,DAX30,F_ibs_lt_0.2_and_close_lt_sma180,stop_5pct,2x,2022-10-13,2026-09-17
3,0.3333333333333333,0.007480440453698291,2.418968122739435,0.005528365744088326,0.2993962650944948,3.0367719870483003,-0.005755111979016236,0.004181184668989547,-0.010060127984070454,-0.01006012798407041,0.7635888501742161,DAX30,F_ibs_lt_0.2_and_close_lt_sma180,stop_10pct,1x,2022-10-13,2026-09-17
3,0.3333333333333333,0.0070804404536982885,2.2784239895593243,0.0052233665304983745,0.2833867123443502,2.874387325030332,-0.006155111979016303,0.004181184668989547,-0.010460127984070455,-0.010460127984070478,0.7635888501742161,DAX30,F_ibs_lt_0.2_and_close_lt_sma180,stop_10pct,2x,2022-10-13,2026-09-17
66,0.5303030303030303,-0.0003007786026299043,0.9296580219515964,-0.005878270384461648,-0.12325494026550812,-0.20278445030873704,-0.07543260125102624,0.09128919860627177,-0.026350897528581597,-0.06034745884475312,16.798954703832752,DAX30,G_close_gt_sma180_control,no_stop,1x,2022-10-13,2026-09-17
66,0.5303030303030303,-0.0007007786026299044,0.843009435598629,-0.012539950226707841,-0.2871694464009972,-0.4724638071987019,-0.08099386125266639,0.09128919860627177,-0.026750897528581594,-0.06524568570668576,16.798954703832752,DAX30,G_close_gt_sma180_control,no_stop,2x,2022-10-13,2026-09-17
66,0.5303030303030303,-0.0004426953742366284,0.8997942556279641,-0.008283394340234729,-0.17756505784335808,-0.2836648713960635,-0.0897530643879102,0.08989547038327526,-0.02040000000000013,-0.0731317653556176,16.798954703832752,DAX30,G_close_gt_sma180_control,stop_2pct,1x,2022-10-13,2026-09-17
66,0.5303030303030303,-0.0008426953742366285,0.8170337836938015,-0.014929927396625797,-0.33800500655485877,-0.5399719284871457,-0.0952339466734341,0.08989547038327526,-0.020800000000000127,-0.07796850048990145,16.798954703832752,DAX30,G_close_gt_sma180_control,stop_2pct,2x,2022-10-13,2026-09-17
66,0.5303030303030303,-0.0003007786026299043,0.9296580219515964,-0.005878270384461648,-0.12325494026550812,-0.20278445030873704,-0.07543260125102624,0.09128919860627177,-0.026350897528581597,-0.06034745884475312,16.798954703832752,DAX30,G_close_gt_sma180_control,stop_5pct,1x,2022-10-13,2026-09-17
66,0.5303030303030303,-0.0007007786026299044,0.843009435598629,-0.012539950226707841,-0.2871694464009972,-0.4724638071987019,-0.08099386125266639,0.09128919860627177,-0.026750897528581594,-0.06524568570668576,16.798954703832752,DAX30,G_close_gt_sma180_control,stop_5pct,2x,2022-10-13,2026-09-17
66,0.5303030303030303,-0.0003007786026299043,0.9296580219515964,-0.005878270384461648,-0.12325494026550812,-0.20278445030873704,-0.07543260125102624,0.09128919860627177,-0.026350897528581597,-0.06034745884475312,16.798954703832752,DAX30,G_close_gt_sma180_control,stop_10pct,1x,2022-10-13,2026-09-17
66,0.5303030303030303,-0.0007007786026299044,0.843009435598629,-0.012539950226707841,-0.2871694464009972,-0.4724638071987019,-0.08099386125266639,0.09128919860627177,-0.026750897528581594,-0.06524568570668576,16.798954703832752,DAX30,G_close_gt_sma180_control,stop_10pct,2x,2022-10-13,2026-09-17
66,0.5757575757575758,0.004615910473845829,1.9579115993263438,0.07650255424404606,1.0580888910758293,1.980682362633894,-0.05744448092381593,0.09140893470790377,-0.04417071904341467,0.010547602604368267,16.568041237113402,Nasdaq100,A_none,no_stop,1x,2022-09-22,2026-09-16
66,0.5757575757575758,0.004215910473845827,1.8451394749938346,0.06942088565255244,0.9663983007083546,1.8090427804663776,-0.06268723967638434,0.09140893470790377,-0.044570719043414676,0.007321509670139337,16.568041237113402,Nasdaq100,A_none,no_stop,2x,2022-09-22,2026-09-16
66,0.5606060606060606,0.004194650518790862,1.8170420259856577,0.06913122329574684,0.9749499109068467,2.450653071789122,-0.07780296584395219,0.0879725085910653,-0.02040000000000013,0.016547960218365576,16.568041237113402,Nasdaq100,A_none,stop_2pct,1x,2022-09-22,2026-09-16
66,0.5606060606060606,0.0037946505187908615,1.714663200491902,0.06209517490795724,0.8819791228481663,2.2169598894073355,-0.08554873216524161,0.0879725085910653,-0.020800000000000127,0.009259505583793404,16.568041237113402,Nasdaq100,A_none,stop_2pct,2x,2022-09-22,2026-09-16
66,0.5757575757575758,0.004615910473845829,1.9579115993263438,0.07650255424404606,1.0580888910758293,1.980682362633894,-0.05744448092381593,0.09140893470790377,-0.04417071904341467,0.010547602604368267,16.568041237113402,Nasdaq100,A_none,stop_5pct,1x,2022-09-22,2026-09-16
66,0.5757575757575758,0.004215910473845827,1.8451394749938346,0.06942088565255244,0.9663983007083546,1.8090427804663776,-0.06268723967638434,0.09140893470790377,-0.044570719043414676,0.007321509670139337,16.568041237113402,Nasdaq100,A_none,stop_5pct,2x,2022-09-22,2026-09-16
66,0.5757575757575758,0.004615910473845829,1.9579115993263438,0.07650255424404606,1.0580888910758293,1.980682362633894,-0.05744448092381593,0.09140893470790377,-0.04417071904341467,0.010547602604368267,16.568041237113402,Nasdaq100,A_none,stop_10pct,1x,2022-09-22,2026-09-16
66,0.5757575757575758,0.004215910473845827,1.8451394749938346,0.06942088565255244,0.9663983007083546,1.8090427804663776,-0.06268723967638434,0.09140893470790377,-0.044570719043414676,0.007321509670139337,16.568041237113402,Nasdaq100,A_none,stop_10pct,2x,2022-09-22,2026-09-16
44,0.5909090909090909,0.005441593647236661,1.9849671351283635,0.05939720577028096,0.8923523983744606,1.7137718444366847,-0.05744388690140412,0.06048109965635739,-0.04417071904341467,0.010547602604368267,11.045360824742268,Nasdaq100,B_ibs_lt_0.5,no_stop,1x,2022-09-22,2026-09-16
44,0.5909090909090909,0.0050415936472366606,1.8863123015259933,0.05474937723135698,0.8267574674609688,1.5877961133890737,-0.05859721294909992,0.06048109965635739,-0.044570719043414676,0.007321509670139337,11.045360824742268,Nasdaq100,B_ibs_lt_0.5,no_stop,2x,2022-09-22,2026-09-16
44,0.5909090909090909,0.0054323936149299175,1.9816671218398938,0.05945403232654711,0.9213492043672529,2.687725380248229,-0.06801133781096269,0.0570446735395189,-0.02040000000000013,0.013122985542692867,11.045360824742268,Nasdaq100,B_ibs_lt_0.5,stop_2pct,1x,2022-09-22,2026-09-16
44,0.5909090909090909,0.005032393614929918,1.8832663706572577,0.05480604573989978,0.8535080816742953,2.489821798824268,-0.07027228722397416,0.0570446735395189,-0.020800000000000127,0.008275197563941017,11.045360824742268,Nasdaq100,B_ibs_lt_0.5,stop_2pct,2x,2022-09-22,2026-09-16
44,0.5909090909090909,0.005441593647236661,1.9849671351283635,0.05939720577028096,0.8923523983744606,1.7137718444366847,-0.05744388690140412,0.06048109965635739,-0.04417071904341467,0.010547602604368267,11.045360824742268,Nasdaq100,B_ibs_lt_0.5,stop_5pct,1x,2022-09-22,2026-09-16
44,0.5909090909090909,0.0050415936472366606,1.8863123015259933,0.05474937723135698,0.8267574674609688,1.5877961133890737,-0.05859721294909992,0.06048109965635739,-0.044570719043414676,0.007321509670139337,11.045360824742268,Nasdaq100,B_ibs_lt_0.5,stop_5pct,2x,2022-09-22,2026-09-16
44,0.5909090909090909,0.005441593647236661,1.9849671351283635,0.05939720577028096,0.8923523983744606,1.7137718444366847,-0.05744388690140412,0.06048109965635739,-0.04417071904341467,0.010547602604368267,11.045360824742268,Nasdaq100,B_ibs_lt_0.5,stop_10pct,1x,2022-09-22,2026-09-16
44,0.5909090909090909,0.0050415936472366606,1.8863123015259933,0.05474937723135698,0.8267574674609688,1.5877961133890737,-0.05859721294909992,0.06048109965635739,-0.044570719043414676,0.007321509670139337,11.045360824742268,Nasdaq100,B_ibs_lt_0.5,stop_10pct,2x,2022-09-22,2026-09-16
30,0.6333333333333333,0.006972977001767961,2.728926707512009,0.05255422772842633,1.104774467609696,2.75391559606038,-0.03221518431174408,0.041237113402061855,-0.024953738079885924,-0.006565664476773314,7.530927835051546,Nasdaq100,C_ibs_lt_0.3,no_stop,1x,2022-09-22,2026-09-16
30,0.6333333333333333,0.006572977001767964,2.57256102789271,0.04940865550469575,1.0413998448435762,2.5959391337624487,-0.03377543697676233,0.041237113402061855,-0.02535373807988592,-0.008950286603037205,7.530927835051546,Nasdaq100,C_ibs_lt_0.3,no_stop,2x,2022-09-22,2026-09-16
30,0.6333333333333333,0.005826988586289609,2.125093903296403,0.04339337282625921,0.8623955817712915,2.279401616424042,-0.055810447915705774,0.03848797250859107,-0.02040000000000013,-0.02014180177784386,7.530927835051546,Nasdaq100,C_ibs_lt_0.3,stop_2pct,1x,2022-09-22,2026-09-16
30,0.6333333333333333,0.00542698858628961,2.0190035661040424,0.04027149210981662,0.8031954945220783,2.1229296012368315,-0.057342101728535044,0.03848797250859107,-0.020800000000000127,-0.022499292844243346,7.530927835051546,Nasdaq100,C_ibs_lt_0.3,stop_2pct,2x,2022-09-22,2026-09-16
30,0.6333333333333333,0.006972977001767961,2.728926707512009,0.05255422772842633,1.104774467609696,2.75391559606038,-0.03221518431174408,0.041237113402061855,-0.024953738079885924,-0.006565664476773314,7.530927835051546,Nasdaq100,C_ibs_lt_0.3,stop_5pct,1x,2022-09-22,2026-09-16
30,0.6333333333333333,0.006572977001767964,2.57256102789271,0.04940865550469575,1.0413998448435762,2.5959391337624487,-0.03377543697676233,0.041237113402061855,-0.02535373807988592,-0.008950286603037205,7.530927835051546,Nasdaq100,C_ibs_lt_0.3,stop_5pct,2x,2022-09-22,2026-09-16
30,0.6333333333333333,0.006972977001767961,2.728926707512009,0.05255422772842633,1.104774467609696,2.75391559606038,-0.03221518431174408,0.041237113402061855,-0.024953738079885924,-0.006565664476773314,7.530927835051546,Nasdaq100,C_ibs_lt_0.3,stop_10pct,1x,2022-09-22,2026-09-16
30,0.6333333333333333,0.006572977001767964,2.57256102789271,0.04940865550469575,1.0413998448435762,2.5959391337624487,-0.03377543697676233,0.041237113402061855,-0.02535373807988592,-0.008950286603037205,7.530927835051546,Nasdaq100,C_ibs_lt_0.3,stop_10pct,2x,2022-09-22,2026-09-16
20,0.6,0.006350620171292669,2.5812443948477157,0.031615783170731326,0.8730045661572171,2.2964560283433437,-0.03264575016907123,0.027491408934707903,-0.01938158983150078,-0.015774799191518585,5.020618556701031,Nasdaq100,D_ibs_lt_0.2,no_stop,1x,2022-09-22,2026-09-16
20,0.6,0.005950620171292671,2.424882992286362,0.029558224152629098,0.8180175228379809,2.1518115075625723,-0.03381907875357226,0.027491408934707903,-0.019781589831500777,-0.0165683577866389,5.020618556701031,Nasdaq100,D_ibs_lt_0.2,no_stop,2x,2022-09-22,2026-09-16
20,0.6,0.0050825786396550285,1.9618338849256045,0.024976107013532145,0.6409247176677451,1.5560837862233494,-0.05581044791570566,0.02611683848797251,-0.02040000000000013,-0.016796955151679005,5.020618556701031,Nasdaq100,D_ibs_lt_0.2,stop_2pct,1x,2022-09-22,2026-09-16
20,0.6,0.004682578639655028,1.8600948791045102,0.022929110060429858,0.5904838085853233,1.4336196673933879,-0.057342101728535155,0.02611683848797251,-0.020800000000000127,-0.01759010638273173,5.020618556701031,Nasdaq100,D_ibs_lt_0.2,stop_2pct,2x,2022-09-22,2026-09-16
20,0.6,0.006350620171292669,2.5812443948477157,0.031615783170731326,0.8730045661572171,2.2964560283433437,-0.03264575016907123,0.027491408934707903,-0.01938158983150078,-0.015774799191518585,5.020618556701031,Nasdaq100,D_ibs_lt_0.2,stop_5pct,1x,2022-09-22,2026-09-16
20,0.6,0.005950620171292671,2.424882992286362,0.029558224152629098,0.8180175228379809,2.1518115075625723,-0.03381907875357226,0.027491408934707903,-0.019781589831500777,-0.0165683577866389,5.020618556701031,Nasdaq100,D_ibs_lt_0.2,stop_5pct,2x,2022-09-22,2026-09-16
20,0.6,0.006350620171292669,2.5812443948477157,0.031615783170731326,0.8730045661572171,2.2964560283433437,-0.03264575016907123,0.027491408934707903,-0.01938158983150078,-0.015774799191518585,5.020618556701031,Nasdaq100,D_ibs_lt_0.2,stop_10pct,1x,2022-09-22,2026-09-16
20,0.6,0.005950620171292671,2.424882992286362,0.029558224152629098,0.8180175228379809,2.1518115075625723,-0.03381907875357226,0.027491408934707903,-0.019781589831500777,-0.0165683577866389,5.020618556701031,Nasdaq100,D_ibs_lt_0.2,stop_10pct,2x,2022-09-22,2026-09-16
7,0.7142857142857143,0.0169187189474971,17.09357517681401,0.029556762388358804,1.095996315736399,12.985807844819696,-0.005406525460312617,0.009621993127147767,-0.005406525460312772,-0.001952375923085392,1.7572164948453608,Nasdaq100,E_close_lt_sma180,no_stop,1x,2022-09-22,2026-09-16
7,0.7142857142857143,0.0165187189474971,15.172377774753663,0.02884496191196928,1.0700842754894386,12.678791506641424,-0.005806525460312906,0.009621993127147767,-0.005806525460312772,-0.002352375923085459,1.7572164948453608,Nasdaq100,E_close_lt_sma180,no_stop,2x,2022-09-22,2026-09-16
7,0.5714285714285714,0.013004668145764087,4.279404892975791,0.02245204706401127,0.710734342615364,2.152912322195091,-0.02569623234092233,0.009621993127147767,-0.02040000000000002,-0.001952375923085392,1.7572164948453608,Nasdaq100,E_close_lt_sma180,stop_2pct,1x,2022-09-22,2026-09-16
7,0.5714285714285714,0.012604668145764083,4.046824043916641,0.02174230784836584,0.688873443601286,2.0866926448280423,-0.02648574973073836,0.009621993127147767,-0.020800000000000016,-0.002352375923085459,1.7572164948453608,Nasdaq100,E_close_lt_sma180,stop_2pct,2x,2022-09-22,2026-09-16
7,0.7142857142857143,0.0169187189474971,17.09357517681401,0.029556762388358804,1.095996315736399,12.985807844819696,-0.005406525460312617,0.009621993127147767,-0.005406525460312772,-0.001952375923085392,1.7572164948453608,Nasdaq100,E_close_lt_sma180,stop_5pct,1x,2022-09-22,2026-09-16
7,0.7142857142857143,0.0165187189474971,15.172377774753663,0.02884496191196928,1.0700842754894386,12.678791506641424,-0.005806525460312906,0.009621993127147767,-0.005806525460312772,-0.002352375923085459,1.7572164948453608,Nasdaq100,E_close_lt_sma180,stop_5pct,2x,2022-09-22,2026-09-16
7,0.7142857142857143,0.0169187189474971,17.09357517681401,0.029556762388358804,1.095996315736399,12.985807844819696,-0.005406525460312617,0.009621993127147767,-0.005406525460312772,-0.001952375923085392,1.7572164948453608,Nasdaq100,E_close_lt_sma180,stop_10pct,1x,2022-09-22,2026-09-16
7,0.7142857142857143,0.0165187189474971,15.172377774753663,0.02884496191196928,1.0700842754894386,12.678791506641424,-0.005806525460312906,0.009621993127147767,-0.005806525460312772,-0.002352375923085459,1.7572164948453608,Nasdaq100,E_close_lt_sma180,stop_10pct,2x,2022-09-22,2026-09-16
0,,,,,,,,,,,,Nasdaq100,F_ibs_lt_0.2_and_close_lt_sma180,no_stop,1x,2022-09-22,2026-09-16
0,,,,,,,,,,,,Nasdaq100,F_ibs_lt_0.2_and_close_lt_sma180,no_stop,2x,2022-09-22,2026-09-16
0,,,,,,,,,,,,Nasdaq100,F_ibs_lt_0.2_and_close_lt_sma180,stop_2pct,1x,2022-09-22,2026-09-16
0,,,,,,,,,,,,Nasdaq100,F_ibs_lt_0.2_and_close_lt_sma180,stop_2pct,2x,2022-09-22,2026-09-16
0,,,,,,,,,,,,Nasdaq100,F_ibs_lt_0.2_and_close_lt_sma180,stop_5pct,1x,2022-09-22,2026-09-16
0,,,,,,,,,,,,Nasdaq100,F_ibs_lt_0.2_and_close_lt_sma180,stop_5pct,2x,2022-09-22,2026-09-16
0,,,,,,,,,,,,Nasdaq100,F_ibs_lt_0.2_and_close_lt_sma180,stop_10pct,1x,2022-09-22,2026-09-16
0,,,,,,,,,,,,Nasdaq100,F_ibs_lt_0.2_and_close_lt_sma180,stop_10pct,2x,2022-09-22,2026-09-16
44,0.5909090909090909,0.00406792661010593,2.0595058982788355,0.04472727588581704,0.9601288465156098,1.9186140772478972,-0.04604706593841568,0.061168384879725084,-0.030604131999439278,0.037389847548742416,11.045360824742268,Nasdaq100,G_close_gt_sma180_control,no_stop,1x,2022-09-22,2026-09-16
44,0.5909090909090909,0.0036679266101059317,1.916273218268277,0.04013850882508829,0.8657191937819187,1.7299563888341996,-0.04797168389814799,0.061168384879725084,-0.031004131999439275,0.03574607150408249,11.045360824742268,Nasdaq100,G_close_gt_sma180_control,no_stop,2x,2022-09-22,2026-09-16
44,0.5909090909090909,0.0034149889159059924,1.7601712828880607,0.03714659030396206,0.772436718991356,1.6336880503683178,-0.0625024699671094,0.058419243986254296,-0.02040000000000013,0.018536526409310472,11.045360824742268,Nasdaq100,G_close_gt_sma180_control,stop_2pct,1x,2022-09-22,2026-09-16
44,0.5909090909090909,0.003014988915905995,1.6475449418475347,0.03258808144497327,0.6819606749382028,1.4423330456408852,-0.0663475258322922,0.058419243986254296,-0.020800000000000127,0.011639261425217873,11.045360824742268,Nasdaq100,G_close_gt_sma180_control,stop_2pct,2x,2022-09-22,2026-09-16
44,0.5909090909090909,0.00406792661010593,2.0595058982788355,0.04472727588581704,0.9601288465156098,1.9186140772478972,-0.04604706593841568,0.061168384879725084,-0.030604131999439278,0.037389847548742416,11.045360824742268,Nasdaq100,G_close_gt_sma180_control,stop_5pct,1x,2022-09-22,2026-09-16
44,0.5909090909090909,0.0036679266101059317,1.916273218268277,0.04013850882508829,0.8657191937819187,1.7299563888341996,-0.04797168389814799,0.061168384879725084,-0.031004131999439275,0.03574607150408249,11.045360824742268,Nasdaq100,G_close_gt_sma180_control,stop_5pct,2x,2022-09-22,2026-09-16
44,0.5909090909090909,0.00406792661010593,2.0595058982788355,0.04472727588581704,0.9601288465156098,1.9186140772478972,-0.04604706593841568,0.061168384879725084,-0.030604131999439278,0.037389847548742416,11.045360824742268,Nasdaq100,G_close_gt_sma180_control,stop_10pct,1x,2022-09-22,2026-09-16
44,0.5909090909090909,0.0036679266101059317,1.916273218268277,0.04013850882508829,0.8657191937819187,1.7299563888341996,-0.04797168389814799,0.061168384879725084,-0.031004131999439275,0.03574607150408249,11.045360824742268,Nasdaq100,G_close_gt_sma180_control,stop_10pct,2x,2022-09-22,2026-09-16
29,0.4482758620689655,-0.0005674848956082957,0.7204523315959404,-0.004349468464111217,-0.32678633998894435,-0.4652046062179107,-0.025294909878016303,0.0412224591329069,-0.013343380785217506,-0.016651185220942,7.528251599147121,EURUSD,A_none,no_stop,1x,2022-11-08,2026-09-16
29,0.4482758620689655,-0.0009674848956082954,0.5701406089814066,-0.007345525830271593,-0.5571264547781896,-0.7931108534629588,-0.032297942556801185,0.0412224591329069,-0.013743380785217507,-0.02800104388213387,7.528251599147121,EURUSD,A_none,no_stop,2x,2022-11-08,2026-09-16
29,0.4482758620689655,-0.0005674848956082957,0.7204523315959404,-0.004349468464111217,-0.32678633998894435,-0.4652046062179107,-0.025294909878016303,0.0412224591329069,-0.013343380785217506,-0.016651185220942,7.528251599147121,EURUSD,A_none,stop_2pct,1x,2022-11-08,2026-09-16
29,0.4482758620689655,-0.0009674848956082954,0.5701406089814066,-0.007345525830271593,-0.5571264547781896,-0.7931108534629588,-0.032297942556801185,0.0412224591329069,-0.013743380785217507,-0.02800104388213387,7.528251599147121,EURUSD,A_none,stop_2pct,2x,2022-11-08,2026-09-16
29,0.4482758620689655,-0.0005674848956082957,0.7204523315959404,-0.004349468464111217,-0.32678633998894435,-0.4652046062179107,-0.025294909878016303,0.0412224591329069,-0.013343380785217506,-0.016651185220942,7.528251599147121,EURUSD,A_none,stop_5pct,1x,2022-11-08,2026-09-16
29,0.4482758620689655,-0.0009674848956082954,0.5701406089814066,-0.007345525830271593,-0.5571264547781896,-0.7931108534629588,-0.032297942556801185,0.0412224591329069,-0.013743380785217507,-0.02800104388213387,7.528251599147121,EURUSD,A_none,stop_5pct,2x,2022-11-08,2026-09-16
29,0.4482758620689655,-0.0005674848956082957,0.7204523315959404,-0.004349468464111217,-0.32678633998894435,-0.4652046062179107,-0.025294909878016303,0.0412224591329069,-0.013343380785217506,-0.016651185220942,7.528251599147121,EURUSD,A_none,stop_10pct,1x,2022-11-08,2026-09-16
29,0.4482758620689655,-0.0009674848956082954,0.5701406089814066,-0.007345525830271593,-0.5571264547781896,-0.7931108534629588,-0.032297942556801185,0.0412224591329069,-0.013743380785217507,-0.02800104388213387,7.528251599147121,EURUSD,A_none,stop_10pct,2x,2022-11-08,2026-09-16
15,0.4666666666666667,-0.00034390753811968825,0.790136075818041,-0.0013660427874224723,-0.18030140944623796,-0.29015724283526123,-0.01594471256183616,0.02203269367448472,-0.008947928688312777,-0.005251967416449177,3.8939232409381663,EURUSD,B_ibs_lt_0.5,no_stop,1x,2022-11-08,2026-09-16
15,0.4666666666666667,-0.0007439075381196878,0.5983329365549015,-0.002921140864187266,-0.3900105777093523,-0.6276400958389416,-0.018151688648312292,0.02203269367448472,-0.009347928688312778,-0.011205898787442936,3.8939232409381663,EURUSD,B_ibs_lt_0.5,no_stop,2x,2022-11-08,2026-09-16
15,0.4666666666666667,-0.00034390753811968825,0.790136075818041,-0.0013660427874224723,-0.18030140944623796,-0.29015724283526123,-0.01594471256183616,0.02203269367448472,-0.008947928688312777,-0.005251967416449177,3.8939232409381663,EURUSD,B_ibs_lt_0.5,stop_2pct,1x,2022-11-08,2026-09-16
15,0.4666666666666667,-0.0007439075381196878,0.5983329365549015,-0.002921140864187266,-0.3900105777093523,-0.6276400958389416,-0.018151688648312292,0.02203269367448472,-0.009347928688312778,-0.011205898787442936,3.8939232409381663,EURUSD,B_ibs_lt_0.5,stop_2pct,2x,2022-11-08,2026-09-16
15,0.4666666666666667,-0.00034390753811968825,0.790136075818041,-0.0013660427874224723,-0.18030140944623796,-0.29015724283526123,-0.01594471256183616,0.02203269367448472,-0.008947928688312777,-0.005251967416449177,3.8939232409381663,EURUSD,B_ibs_lt_0.5,stop_5pct,1x,2022-11-08,2026-09-16
15,0.4666666666666667,-0.0007439075381196878,0.5983329365549015,-0.002921140864187266,-0.3900105777093523,-0.6276400958389416,-0.018151688648312292,0.02203269367448472,-0.009347928688312778,-0.011205898787442936,3.8939232409381663,EURUSD,B_ibs_lt_0.5,stop_5pct,2x,2022-11-08,2026-09-16
15,0.4666666666666667,-0.00034390753811968825,0.790136075818041,-0.0013660427874224723,-0.18030140944623796,-0.29015724283526123,-0.01594471256183616,0.02203269367448472,-0.008947928688312777,-0.005251967416449177,3.8939232409381663,EURUSD,B_ibs_lt_0.5,stop_10pct,1x,2022-11-08,2026-09-16
15,0.4666666666666667,-0.0007439075381196878,0.5983329365549015,-0.002921140864187266,-0.3900105777093523,-0.6276400958389416,-0.018151688648312292,0.02203269367448472,-0.009347928688312778,-0.011205898787442936,3.8939232409381663,EURUSD,B_ibs_lt_0.5,stop_10pct,2x,2022-11-08,2026-09-16
10,0.4,-0.0014417927359363532,0.32878401163067084,-0.003752539811196498,-0.7070110958329892,-0.9397173661589318,-0.015084343431144731,0.014925373134328358,-0.008947928688312777,-0.014378191366297144,2.5959488272921107,EURUSD,C_ibs_lt_0.3,no_stop,1x,2022-11-08,2026-09-16
10,0.4,-0.0018417927359363532,0.22874001513573528,-0.004788196561592906,-0.903158871643173,-1.2004253979686896,-0.017342456668462347,0.014925373134328358,-0.009347928688312778,-0.018319304382105828,2.5959488272921107,EURUSD,C_ibs_lt_0.3,no_stop,2x,2022-11-08,2026-09-16
10,0.4,-0.0014417927359363532,0.32878401163067084,-0.003752539811196498,-0.7070110958329892,-0.9397173661589318,-0.015084343431144731,0.014925373134328358,-0.008947928688312777,-0.014378191366297144,2.5959488272921107,EURUSD,C_ibs_lt_0.3,stop_2pct,1x,2022-11-08,2026-09-16
10,0.4,-0.0018417927359363532,0.22874001513573528,-0.004788196561592906,-0.903158871643173,-1.2004253979686896,-0.017342456668462347,0.014925373134328358,-0.009347928688312778,-0.018319304382105828,2.5959488272921107,EURUSD,C_ibs_lt_0.3,stop_2pct,2x,2022-11-08,2026-09-16
10,0.4,-0.0014417927359363532,0.32878401163067084,-0.003752539811196498,-0.7070110958329892,-0.9397173661589318,-0.015084343431144731,0.014925373134328358,-0.008947928688312777,-0.014378191366297144,2.5959488272921107,EURUSD,C_ibs_lt_0.3,stop_5pct,1x,2022-11-08,2026-09-16
10,0.4,-0.0018417927359363532,0.22874001513573528,-0.004788196561592906,-0.903158871643173,-1.2004253979686896,-0.017342456668462347,0.014925373134328358,-0.009347928688312778,-0.018319304382105828,2.5959488272921107,EURUSD,C_ibs_lt_0.3,stop_5pct,2x,2022-11-08,2026-09-16
10,0.4,-0.0014417927359363532,0.32878401163067084,-0.003752539811196498,-0.7070110958329892,-0.9397173661589318,-0.015084343431144731,0.014925373134328358,-0.008947928688312777,-0.014378191366297144,2.5959488272921107,EURUSD,C_ibs_lt_0.3,stop_10pct,1x,2022-11-08,2026-09-16
10,0.4,-0.0018417927359363532,0.22874001513573528,-0.004788196561592906,-0.903158871643173,-1.2004253979686896,-0.017342456668462347,0.014925373134328358,-0.009347928688312778,-0.018319304382105828,2.5959488272921107,EURUSD,C_ibs_lt_0.3,stop_10pct,2x,2022-11-08,2026-09-16
8,0.25,-0.0024452152480651823,0.08931844163305412,-0.005080234501001479,-1.21176452642194,-1.4254648362414166,-0.016838457143864005,0.012082444918265814,-0.008947928688312777,-0.01942852040758236,2.076759061833689,EURUSD,D_ibs_lt_0.2,no_stop,1x,2022-11-08,2026-09-16
8,0.25,-0.002845215248065183,0.04684142733673599,-0.0059085720431852895,-1.4099907606777213,-1.6586491888041355,-0.019594692071972952,0.012082444918265814,-0.009347928688312778,-0.02256965637050401,2.076759061833689,EURUSD,D_ibs_lt_0.2,no_stop,2x,2022-11-08,2026-09-16
8,0.25,-0.0024452152480651823,0.08931844163305412,-0.005080234501001479,-1.21176452642194,-1.4254648362414166,-0.016838457143864005,0.012082444918265814,-0.008947928688312777,-0.01942852040758236,2.076759061833689,EURUSD,D_ibs_lt_0.2,stop_2pct,1x,2022-11-08,2026-09-16
8,0.25,-0.002845215248065183,0.04684142733673599,-0.0059085720431852895,-1.4099907606777213,-1.6586491888041355,-0.019594692071972952,0.012082444918265814,-0.009347928688312778,-0.02256965637050401,2.076759061833689,EURUSD,D_ibs_lt_0.2,stop_2pct,2x,2022-11-08,2026-09-16
8,0.25,-0.0024452152480651823,0.08931844163305412,-0.005080234501001479,-1.21176452642194,-1.4254648362414166,-0.016838457143864005,0.012082444918265814,-0.008947928688312777,-0.01942852040758236,2.076759061833689,EURUSD,D_ibs_lt_0.2,stop_5pct,1x,2022-11-08,2026-09-16
8,0.25,-0.002845215248065183,0.04684142733673599,-0.0059085720431852895,-1.4099907606777213,-1.6586491888041355,-0.019594692071972952,0.012082444918265814,-0.009347928688312778,-0.02256965637050401,2.076759061833689,EURUSD,D_ibs_lt_0.2,stop_5pct,2x,2022-11-08,2026-09-16
8,0.25,-0.0024452152480651823,0.08931844163305412,-0.005080234501001479,-1.21176452642194,-1.4254648362414166,-0.016838457143864005,0.012082444918265814,-0.008947928688312777,-0.01942852040758236,2.076759061833689,EURUSD,D_ibs_lt_0.2,stop_10pct,1x,2022-11-08,2026-09-16
8,0.25,-0.002845215248065183,0.04684142733673599,-0.0059085720431852895,-1.4099907606777213,-1.6586491888041355,-0.019594692071972952,0.012082444918265814,-0.009347928688312778,-0.02256965637050401,2.076759061833689,EURUSD,D_ibs_lt_0.2,stop_10pct,2x,2022-11-08,2026-09-16
22,0.5,-0.0003421452663555884,0.8372614196598284,-0.0020333876467210077,-0.15353149161693333,-0.20946407517801283,-0.021973768560893392,0.030561478322672354,-0.013343380785217506,-0.007810241361522419,5.711087420042644,EURUSD,E_close_lt_sma180,no_stop,1x,2022-11-08,2026-09-16
22,0.5,-0.0007421452663555883,0.677667656672737,-0.004311873981119541,-0.3330242471383492,-0.4543472821376189,-0.027055001924518707,0.030561478322672354,-0.013743380785217507,-0.01650814701855119,5.711087420042644,EURUSD,E_close_lt_sma180,no_stop,2x,2022-11-08,2026-09-16
22,0.5,-0.0003421452663555884,0.8372614196598284,-0.0020333876467210077,-0.15353149161693333,-0.20946407517801283,-0.021973768560893392,0.030561478322672354,-0.013343380785217506,-0.007810241361522419,5.711087420042644,EURUSD,E_close_lt_sma180,stop_2pct,1x,2022-11-08,2026-09-16
22,0.5,-0.0007421452663555883,0.677667656672737,-0.004311873981119541,-0.3330242471383492,-0.4543472821376189,-0.027055001924518707,0.030561478322672354,-0.013743380785217507,-0.01650814701855119,5.711087420042644,EURUSD,E_close_lt_sma180,stop_2pct,2x,2022-11-08,2026-09-16
22,0.5,-0.0003421452663555884,0.8372614196598284,-0.0020333876467210077,-0.15353149161693333,-0.20946407517801283,-0.021973768560893392,0.030561478322672354,-0.013343380785217506,-0.007810241361522419,5.711087420042644,EURUSD,E_close_lt_sma180,stop_5pct,1x,2022-11-08,2026-09-16
22,0.5,-0.0007421452663555883,0.677667656672737,-0.004311873981119541,-0.3330242471383492,-0.4543472821376189,-0.027055001924518707,0.030561478322672354,-0.013743380785217507,-0.01650814701855119,5.711087420042644,EURUSD,E_close_lt_sma180,stop_5pct,2x,2022-11-08,2026-09-16
22,0.5,-0.0003421452663555884,0.8372614196598284,-0.0020333876467210077,-0.15353149161693333,-0.20946407517801283,-0.021973768560893392,0.030561478322672354,-0.013343380785217506,-0.007810241361522419,5.711087420042644,EURUSD,E_close_lt_sma180,stop_10pct,1x,2022-11-08,2026-09-16
22,0.5,-0.0007421452663555883,0.677667656672737,-0.004311873981119541,-0.3330242471383492,-0.4543472821376189,-0.027055001924518707,0.030561478322672354,-0.013743380785217507,-0.01650814701855119,5.711087420042644,EURUSD,E_close_lt_sma180,stop_10pct,2x,2022-11-08,2026-09-16
5,0.4,-0.002145184851050063,0.15173284565325892,-0.0027921310535127253,-0.6717197230021719,-0.7261124152298097,-0.0025422797985329426,0.007107320540156361,-0.008947928688312777,-0.010712971224404177,1.2979744136460554,EURUSD,F_ibs_lt_0.2_and_close_lt_sma180,no_stop,1x,2022-11-08,2026-09-16
5,0.4,-0.0025451848510500636,0.08079647670101245,-0.003310960144079389,-0.796971348319844,-0.8615063258989774,-0.0037397668608679657,0.007107320540156361,-0.009347928688312778,-0.01269423620520016,1.2979744136460554,EURUSD,F_ibs_lt_0.2_and_close_lt_sma180,no_stop,2x,2022-11-08,2026-09-16
5,0.4,-0.002145184851050063,0.15173284565325892,-0.0027921310535127253,-0.6717197230021719,-0.7261124152298097,-0.0025422797985329426,0.007107320540156361,-0.008947928688312777,-0.010712971224404177,1.2979744136460554,EURUSD,F_ibs_lt_0.2_and_close_lt_sma180,stop_2pct,1x,2022-11-08,2026-09-16
5,0.4,-0.0025451848510500636,0.08079647670101245,-0.003310960144079389,-0.796971348319844,-0.8615063258989774,-0.0037397668608679657,0.007107320540156361,-0.009347928688312778,-0.01269423620520016,1.2979744136460554,EURUSD,F_ibs_lt_0.2_and_close_lt_sma180,stop_2pct,2x,2022-11-08,2026-09-16
5,0.4,-0.002145184851050063,0.15173284565325892,-0.0027921310535127253,-0.6717197230021719,-0.7261124152298097,-0.0025422797985329426,0.007107320540156361,-0.008947928688312777,-0.010712971224404177,1.2979744136460554,EURUSD,F_ibs_lt_0.2_and_close_lt_sma180,stop_5pct,1x,2022-11-08,2026-09-16
5,0.4,-0.0025451848510500636,0.08079647670101245,-0.003310960144079389,-0.796971348319844,-0.8615063258989774,-0.0037397668608679657,0.007107320540156361,-0.009347928688312778,-0.01269423620520016,1.2979744136460554,EURUSD,F_ibs_lt_0.2_and_close_lt_sma180,stop_5pct,2x,2022-11-08,2026-09-16
5,0.4,-0.002145184851050063,0.15173284565325892,-0.0027921310535127253,-0.6717197230021719,-0.7261124152298097,-0.0025422797985329426,0.007107320540156361,-0.008947928688312777,-0.010712971224404177,1.2979744136460554,EURUSD,F_ibs_lt_0.2_and_close_lt_sma180,stop_10pct,1x,2022-11-08,2026-09-16
5,0.4,-0.0025451848510500636,0.08079647670101245,-0.003310960144079389,-0.796971348319844,-0.8615063258989774,-0.0037397668608679657,0.007107320540156361,-0.009347928688312778,-0.01269423620520016,1.2979744136460554,EURUSD,F_ibs_lt_0.2_and_close_lt_sma180,stop_10pct,2x,2022-11-08,2026-09-16
7,0.2857142857142857,-0.001275695158973947,0.2922369448378367,-0.002320799903243964,-0.8338695625231636,-2.7852382855523996,-0.006292692037837888,0.010660980810234541,-0.003341744862682838,-0.008910537306443866,1.8171641791044777,EURUSD,G_close_gt_sma180_control,no_stop,1x,2022-11-08,2026-09-16
7,0.2857142857142857,-0.001675695158973947,0.19752043251874135,-0.003046789220317203,-1.0953331438990943,-3.658562375860179,-0.008677716880562514,0.010660980810234541,-0.003741744862682838,-0.011685807898400125,1.8171641791044777,EURUSD,G_close_gt_sma180_control,no_stop,2x,2022-11-08,2026-09-16
7,0.2857142857142857,-0.001275695158973947,0.2922369448378367,-0.002320799903243964,-0.8338695625231636,-2.7852382855523996,-0.006292692037837888,0.010660980810234541,-0.003341744862682838,-0.008910537306443866,1.8171641791044777,EURUSD,G_close_gt_sma180_control,stop_2pct,1x,2022-11-08,2026-09-16
7,0.2857142857142857,-0.001675695158973947,0.19752043251874135,-0.003046789220317203,-1.0953331438990943,-3.658562375860179,-0.008677716880562514,0.010660980810234541,-0.003741744862682838,-0.011685807898400125,1.8171641791044777,EURUSD,G_close_gt_sma180_control,stop_2pct,2x,2022-11-08,2026-09-16
7,0.2857142857142857,-0.001275695158973947,0.2922369448378367,-0.002320799903243964,-0.8338695625231636,-2.7852382855523996,-0.006292692037837888,0.010660980810234541,-0.003341744862682838,-0.008910537306443866,1.8171641791044777,EURUSD,G_close_gt_sma180_control,stop_5pct,1x,2022-11-08,2026-09-16
7,0.2857142857142857,-0.001675695158973947,0.19752043251874135,-0.003046789220317203,-1.0953331438990943,-3.658562375860179,-0.008677716880562514,0.010660980810234541,-0.003741744862682838,-0.011685807898400125,1.8171641791044777,EURUSD,G_close_gt_sma180_control,stop_5pct,2x,2022-11-08,2026-09-16
7,0.2857142857142857,-0.001275695158973947,0.2922369448378367,-0.002320799903243964,-0.8338695625231636,-2.7852382855523996,-0.006292692037837888,0.010660980810234541,-0.003341744862682838,-0.008910537306443866,1.8171641791044777,EURUSD,G_close_gt_sma180_control,stop_10pct,1x,2022-11-08,2026-09-16
7,0.2857142857142857,-0.001675695158973947,0.19752043251874135,-0.003046789220317203,-1.0953331438990943,-3.658562375860179,-0.008677716880562514,0.010660980810234541,-0.003741744862682838,-0.011685807898400125,1.8171641791044777,EURUSD,G_close_gt_sma180_control,stop_10pct,2x,2022-11-08,2026-09-16
20,0.5,0.0005662117670059198,1.2839347285108142,0.002847054228749979,0.21253330641314572,0.2638482329854322,-0.018109235266398627,0.028429282160625444,-0.016841059824603866,0.011011904068866984,5.1918976545842215,GBPUSD,A_none,no_stop,1x,2022-11-08,2026-09-16
20,0.5,0.00016621176700592005,1.0757518305856302,0.00076722754757097,0.0623892657571178,0.07745278989484489,-0.021944503014543537,0.028429282160625444,-0.017241059824603864,0.002958715445620097,5.1918976545842215,GBPUSD,A_none,no_stop,2x,2022-11-08,2026-09-16
20,0.5,0.0005662117670059198,1.2839347285108142,0.002847054228749979,0.21253330641314572,0.2638482329854322,-0.018109235266398627,0.028429282160625444,-0.016841059824603866,0.011011904068866984,5.1918976545842215,GBPUSD,A_none,stop_2pct,1x,2022-11-08,2026-09-16
20,0.5,0.00016621176700592005,1.0757518305856302,0.00076722754757097,0.0623892657571178,0.07745278989484489,-0.021944503014543537,0.028429282160625444,-0.017241059824603864,0.002958715445620097,5.1918976545842215,GBPUSD,A_none,stop_2pct,2x,2022-11-08,2026-09-16
20,0.5,0.0005662117670059198,1.2839347285108142,0.002847054228749979,0.21253330641314572,0.2638482329854322,-0.018109235266398627,0.028429282160625444,-0.016841059824603866,0.011011904068866984,5.1918976545842215,GBPUSD,A_none,stop_5pct,1x,2022-11-08,2026-09-16
20,0.5,0.00016621176700592005,1.0757518305856302,0.00076722754757097,0.0623892657571178,0.07745278989484489,-0.021944503014543537,0.028429282160625444,-0.017241059824603864,0.002958715445620097,5.1918976545842215,GBPUSD,A_none,stop_5pct,2x,2022-11-08,2026-09-16
20,0.5,0.0005662117670059198,1.2839347285108142,0.002847054228749979,0.21253330641314572,0.2638482329854322,-0.018109235266398627,0.028429282160625444,-0.016841059824603866,0.011011904068866984,5.1918976545842215,GBPUSD,A_none,stop_10pct,1x,2022-11-08,2026-09-16
20,0.5,0.00016621176700592005,1.0757518305856302,0.00076722754757097,0.0623892657571178,0.07745278989484489,-0.021944503014543537,0.028429282160625444,-0.017241059824603864,0.002958715445620097,5.1918976545842215,GBPUSD,A_none,stop_10pct,2x,2022-11-08,2026-09-16
11,0.5454545454545454,0.0015947440231996067,2.0861826322462815,0.004520739229511239,0.5099690050138517,1.292134383351534,-0.005970874944104976,0.016346837242359632,-0.00597087494410502,0.017527177268535032,2.855543710021322,GBPUSD,B_ibs_lt_0.5,no_stop,1x,2022-11-08,2026-09-16
11,0.5454545454545454,0.0011947440231996065,1.7240749921025735,0.0033755775458910176,0.3820565632438733,0.9680361294489255,-0.007175754196935724,0.016346837242359632,-0.00637087494410502,0.013065977568641474,2.855543710021322,GBPUSD,B_ibs_lt_0.5,no_stop,2x,2022-11-08,2026-09-16
11,0.5454545454545454,0.0015947440231996067,2.0861826322462815,0.004520739229511239,0.5099690050138517,1.292134383351534,-0.005970874944104976,0.016346837242359632,-0.00597087494410502,0.017527177268535032,2.855543710021322,GBPUSD,B_ibs_lt_0.5,stop_2pct,1x,2022-11-08,2026-09-16
11,0.5454545454545454,0.0011947440231996065,1.7240749921025735,0.0033755775458910176,0.3820565632438733,0.9680361294489255,-0.007175754196935724,0.016346837242359632,-0.00637087494410502,0.013065977568641474,2.855543710021322,GBPUSD,B_ibs_lt_0.5,stop_2pct,2x,2022-11-08,2026-09-16
11,0.5454545454545454,0.0015947440231996067,2.0861826322462815,0.004520739229511239,0.5099690050138517,1.292134383351534,-0.005970874944104976,0.016346837242359632,-0.00597087494410502,0.017527177268535032,2.855543710021322,GBPUSD,B_ibs_lt_0.5,stop_5pct,1x,2022-11-08,2026-09-16
11,0.5454545454545454,0.0011947440231996065,1.7240749921025735,0.0033755775458910176,0.3820565632438733,0.9680361294489255,-0.007175754196935724,0.016346837242359632,-0.00637087494410502,0.013065977568641474,2.855543710021322,GBPUSD,B_ibs_lt_0.5,stop_5pct,2x,2022-11-08,2026-09-16
11,0.5454545454545454,0.0015947440231996067,2.0861826322462815,0.004520739229511239,0.5099690050138517,1.292134383351534,-0.005970874944104976,0.016346837242359632,-0.00597087494410502,0.017527177268535032,2.855543710021322,GBPUSD,B_ibs_lt_0.5,stop_10pct,1x,2022-11-08,2026-09-16
11,0.5454545454545454,0.0011947440231996065,1.7240749921025735,0.0033755775458910176,0.3820565632438733,0.9680361294489255,-0.007175754196935724,0.016346837242359632,-0.00637087494410502,0.013065977568641474,2.855543710021322,GBPUSD,B_ibs_lt_0.5,stop_10pct,2x,2022-11-08,2026-09-16
8,0.375,-0.0006875616293738228,0.659418695158851,-0.0014419089875693514,-0.26477529634350955,-0.4750911964761033,-0.01060220908092302,0.012082444918265814,-0.00597087494410502,-0.005543047112752775,2.076759061833689,GBPUSD,C_ibs_lt_0.3,no_stop,1x,2022-11-08,2026-09-16
8,0.375,-0.0010875616293738227,0.5206421319874037,-0.002271818296684547,-0.41881256953145407,-0.7514831160826579,-0.013373426729595406,0.012082444918265814,-0.00637087494410502,-0.008723085665886865,2.076759061833689,GBPUSD,C_ibs_lt_0.3,no_stop,2x,2022-11-08,2026-09-16
8,0.375,-0.0006875616293738228,0.659418695158851,-0.0014419089875693514,-0.26477529634350955,-0.4750911964761033,-0.01060220908092302,0.012082444918265814,-0.00597087494410502,-0.005543047112752775,2.076759061833689,GBPUSD,C_ibs_lt_0.3,stop_2pct,1x,2022-11-08,2026-09-16
8,0.375,-0.0010875616293738227,0.5206421319874037,-0.002271818296684547,-0.41881256953145407,-0.7514831160826579,-0.013373426729595406,0.012082444918265814,-0.00637087494410502,-0.008723085665886865,2.076759061833689,GBPUSD,C_ibs_lt_0.3,stop_2pct,2x,2022-11-08,2026-09-16
8,0.375,-0.0006875616293738228,0.659418695158851,-0.0014419089875693514,-0.26477529634350955,-0.4750911964761033,-0.01060220908092302,0.012082444918265814,-0.00597087494410502,-0.005543047112752775,2.076759061833689,GBPUSD,C_ibs_lt_0.3,stop_5pct,1x,2022-11-08,2026-09-16
8,0.375,-0.0010875616293738227,0.5206421319874037,-0.002271818296684547,-0.41881256953145407,-0.7514831160826579,-0.013373426729595406,0.012082444918265814,-0.00637087494410502,-0.008723085665886865,2.076759061833689,GBPUSD,C_ibs_lt_0.3,stop_5pct,2x,2022-11-08,2026-09-16
8,0.375,-0.0006875616293738228,0.659418695158851,-0.0014419089875693514,-0.26477529634350955,-0.4750911964761033,-0.01060220908092302,0.012082444918265814,-0.00597087494410502,-0.005543047112752775,2.076759061833689,GBPUSD,C_ibs_lt_0.3,stop_10pct,1x,2022-11-08,2026-09-16
8,0.375,-0.0010875616293738227,0.5206421319874037,-0.002271818296684547,-0.41881256953145407,-0.7514831160826579,-0.013373426729595406,0.012082444918265814,-0.00637087494410502,-0.008723085665886865,2.076759061833689,GBPUSD,C_ibs_lt_0.3,stop_10pct,2x,2022-11-08,2026-09-16
4,0.0,-0.003715102370316292,0.0,-0.0038596292284285294,-1.8340265960310913,-1.8340265960310913,-0.011370681137141236,0.005685856432125089,-0.00597087494410502,-0.014786254095821905,1.0383795309168444,GBPUSD,D_ibs_lt_0.2,no_stop,1x,2022-11-08,2026-09-16
4,0.0,-0.004115102370316292,0.0,-0.004274919368322694,-2.031493735637793,-2.031493735637793,-0.012561092538415308,0.005685856432125089,-0.00637087494410502,-0.016367528358874672,1.0383795309168444,GBPUSD,D_ibs_lt_0.2,no_stop,2x,2022-11-08,2026-09-16
4,0.0,-0.003715102370316292,0.0,-0.0038596292284285294,-1.8340265960310913,-1.8340265960310913,-0.011370681137141236,0.005685856432125089,-0.00597087494410502,-0.014786254095821905,1.0383795309168444,GBPUSD,D_ibs_lt_0.2,stop_2pct,1x,2022-11-08,2026-09-16
4,0.0,-0.004115102370316292,0.0,-0.004274919368322694,-2.031493735637793,-2.031493735637793,-0.012561092538415308,0.005685856432125089,-0.00637087494410502,-0.016367528358874672,1.0383795309168444,GBPUSD,D_ibs_lt_0.2,stop_2pct,2x,2022-11-08,2026-09-16
4,0.0,-0.003715102370316292,0.0,-0.0038596292284285294,-1.8340265960310913,-1.8340265960310913,-0.011370681137141236,0.005685856432125089,-0.00597087494410502,-0.014786254095821905,1.0383795309168444,GBPUSD,D_ibs_lt_0.2,stop_5pct,1x,2022-11-08,2026-09-16
4,0.0,-0.004115102370316292,0.0,-0.004274919368322694,-2.031493735637793,-2.031493735637793,-0.012561092538415308,0.005685856432125089,-0.00637087494410502,-0.016367528358874672,1.0383795309168444,GBPUSD,D_ibs_lt_0.2,stop_5pct,2x,2022-11-08,2026-09-16
4,0.0,-0.003715102370316292,0.0,-0.0038596292284285294,-1.8340265960310913,-1.8340265960310913,-0.011370681137141236,0.005685856432125089,-0.00597087494410502,-0.014786254095821905,1.0383795309168444,GBPUSD,D_ibs_lt_0.2,stop_10pct,1x,2022-11-08,2026-09-16
4,0.0,-0.004115102370316292,0.0,-0.004274919368322694,-2.031493735637793,-2.031493735637793,-0.012561092538415308,0.005685856432125089,-0.00637087494410502,-0.016367528358874672,1.0383795309168444,GBPUSD,D_ibs_lt_0.2,stop_10pct,2x,2022-11-08,2026-09-16
14,0.5714285714285714,0.0016455309408679884,2.2177919529617363,0.005945721728293885,0.6132213577129207,1.1760797996823706,-0.00735711813720108,0.019189765458422176,-0.0063654748145110405,0.023098764928636717,3.6343283582089554,GBPUSD,E_close_lt_sma180,no_stop,1x,2022-11-08,2026-09-16
14,0.5714285714285714,0.0012455309408679882,1.8179913829596814,0.0044864790971650415,0.464157893153705,0.8901952209185073,-0.008947343263067786,0.019189765458422176,-0.006765474814511041,0.017393499589651196,3.6343283582089554,GBPUSD,E_close_lt_sma180,no_stop,2x,2022-11-08,2026-09-16
14,0.5714285714285714,0.0016455309408679884,2.2177919529617363,0.005945721728293885,0.6132213577129207,1.1760797996823706,-0.00735711813720108,0.019189765458422176,-0.0063654748145110405,0.023098764928636717,3.6343283582089554,GBPUSD,E_close_lt_sma180,stop_2pct,1x,2022-11-08,2026-09-16
14,0.5714285714285714,0.0012455309408679882,1.8179913829596814,0.0044864790971650415,0.464157893153705,0.8901952209185073,-0.008947343263067786,0.019189765458422176,-0.006765474814511041,0.017393499589651196,3.6343283582089554,GBPUSD,E_close_lt_sma180,stop_2pct,2x,2022-11-08,2026-09-16
14,0.5714285714285714,0.0016455309408679884,2.2177919529617363,0.005945721728293885,0.6132213577129207,1.1760797996823706,-0.00735711813720108,0.019189765458422176,-0.0063654748145110405,0.023098764928636717,3.6343283582089554,GBPUSD,E_close_lt_sma180,stop_5pct,1x,2022-11-08,2026-09-16
14,0.5714285714285714,0.0012455309408679882,1.8179913829596814,0.0044864790971650415,0.464157893153705,0.8901952209185073,-0.008947343263067786,0.019189765458422176,-0.006765474814511041,0.017393499589651196,3.6343283582089554,GBPUSD,E_close_lt_sma180,stop_5pct,2x,2022-11-08,2026-09-16
14,0.5714285714285714,0.0016455309408679884,2.2177919529617363,0.005945721728293885,0.6132213577129207,1.1760797996823706,-0.00735711813720108,0.019189765458422176,-0.0063654748145110405,0.023098764928636717,3.6343283582089554,GBPUSD,E_close_lt_sma180,stop_10pct,1x,2022-11-08,2026-09-16
14,0.5714285714285714,0.0012455309408679882,1.8179913829596814,0.0044864790971650415,0.464157893153705,0.8901952209185073,-0.008947343263067786,0.019189765458422176,-0.006765474814511041,0.017393499589651196,3.6343283582089554,GBPUSD,E_close_lt_sma180,stop_10pct,2x,2022-11-08,2026-09-16
2,0.0,-0.00545629572564098,0.0,-0.0028366481515109676,-7.640270221331691,-7.640270221331691,-0.0049417165071768965,0.0028429282160625444,-0.00597087494410502,-0.010883085080008348,0.5191897654584222,GBPUSD,F_ibs_lt_0.2_and_close_lt_sma180,no_stop,1x,2022-11-08,2026-09-16
2,0.0,-0.0058562957256409805,0.0,-0.0030448912728510136,-8.200376975474615,-8.200376975474615,-0.0053417165071769634,0.0028429282160625444,-0.00637087494410502,-0.011678560043427932,0.5191897654584222,GBPUSD,F_ibs_lt_0.2_and_close_lt_sma180,no_stop,2x,2022-11-08,2026-09-16
2,0.0,-0.00545629572564098,0.0,-0.0028366481515109676,-7.640270221331691,-7.640270221331691,-0.0049417165071768965,0.0028429282160625444,-0.00597087494410502,-0.010883085080008348,0.5191897654584222,GBPUSD,F_ibs_lt_0.2_and_close_lt_sma180,stop_2pct,1x,2022-11-08,2026-09-16
2,0.0,-0.0058562957256409805,0.0,-0.0030448912728510136,-8.200376975474615,-8.200376975474615,-0.0053417165071769634,0.0028429282160625444,-0.00637087494410502,-0.011678560043427932,0.5191897654584222,GBPUSD,F_ibs_lt_0.2_and_close_lt_sma180,stop_2pct,2x,2022-11-08,2026-09-16
2,0.0,-0.00545629572564098,0.0,-0.0028366481515109676,-7.640270221331691,-7.640270221331691,-0.0049417165071768965,0.0028429282160625444,-0.00597087494410502,-0.010883085080008348,0.5191897654584222,GBPUSD,F_ibs_lt_0.2_and_close_lt_sma180,stop_5pct,1x,2022-11-08,2026-09-16
2,0.0,-0.0058562957256409805,0.0,-0.0030448912728510136,-8.200376975474615,-8.200376975474615,-0.0053417165071769634,0.0028429282160625444,-0.00637087494410502,-0.011678560043427932,0.5191897654584222,GBPUSD,F_ibs_lt_0.2_and_close_lt_sma180,stop_5pct,2x,2022-11-08,2026-09-16
2,0.0,-0.00545629572564098,0.0,-0.0028366481515109676,-7.640270221331691,-7.640270221331691,-0.0049417165071768965,0.0028429282160625444,-0.00597087494410502,-0.010883085080008348,0.5191897654584222,GBPUSD,F_ibs_lt_0.2_and_close_lt_sma180,stop_10pct,1x,2022-11-08,2026-09-16
2,0.0,-0.0058562957256409805,0.0,-0.0030448912728510136,-8.200376975474615,-8.200376975474615,-0.0053417165071769634,0.0028429282160625444,-0.00637087494410502,-0.011678560043427932,0.5191897654584222,GBPUSD,F_ibs_lt_0.2_and_close_lt_sma180,stop_10pct,2x,2022-11-08,2026-09-16
6,0.3333333333333333,-0.0019521996386722398,0.44132027206774777,-0.003080352580276724,-0.3355918613554197,-0.3573482124301969,-0.0174996291320888,0.00923951670220327,-0.016841059824603866,-0.011813972681917528,1.5575692963752665,GBPUSD,G_close_gt_sma180_control,no_stop,1x,2022-11-08,2026-09-16
6,0.3333333333333333,-0.0023521996386722394,0.374577289124834,-0.003702639733823898,-0.40435365286638775,-0.4305678166860898,-0.01881270877093666,0.00923951670220327,-0.017241059824603864,-0.014188005083434319,1.5575692963752665,GBPUSD,G_close_gt_sma180_control,no_stop,2x,2022-11-08,2026-09-16
6,0.3333333333333333,-0.0019521996386722398,0.44132027206774777,-0.003080352580276724,-0.3355918613554197,-0.3573482124301969,-0.0174996291320888,0.00923951670220327,-0.016841059824603866,-0.011813972681917528,1.5575692963752665,GBPUSD,G_close_gt_sma180_control,stop_2pct,1x,2022-11-08,2026-09-16
6,0.3333333333333333,-0.0023521996386722394,0.374577289124834,-0.003702639733823898,-0.40435365286638775,-0.4305678166860898,-0.01881270877093666,0.00923951670220327,-0.017241059824603864,-0.014188005083434319,1.5575692963752665,GBPUSD,G_close_gt_sma180_control,stop_2pct,2x,2022-11-08,2026-09-16
6,0.3333333333333333,-0.0019521996386722398,0.44132027206774777,-0.003080352580276724,-0.3355918613554197,-0.3573482124301969,-0.0174996291320888,0.00923951670220327,-0.016841059824603866,-0.011813972681917528,1.5575692963752665,GBPUSD,G_close_gt_sma180_control,stop_5pct,1x,2022-11-08,2026-09-16
6,0.3333333333333333,-0.0023521996386722394,0.374577289124834,-0.003702639733823898,-0.40435365286638775,-0.4305678166860898,-0.01881270877093666,0.00923951670220327,-0.017241059824603864,-0.014188005083434319,1.5575692963752665,GBPUSD,G_close_gt_sma180_control,stop_5pct,2x,2022-11-08,2026-09-16
6,0.3333333333333333,-0.0019521996386722398,0.44132027206774777,-0.003080352580276724,-0.3355918613554197,-0.3573482124301969,-0.0174996291320888,0.00923951670220327,-0.016841059824603866,-0.011813972681917528,1.5575692963752665,GBPUSD,G_close_gt_sma180_control,stop_10pct,1x,2022-11-08,2026-09-16
6,0.3333333333333333,-0.0023521996386722394,0.374577289124834,-0.003702639733823898,-0.40435365286638775,-0.4305678166860898,-0.01881270877093666,0.00923951670220327,-0.017241059824603864,-0.014188005083434319,1.5575692963752665,GBPUSD,G_close_gt_sma180_control,stop_10pct,2x,2022-11-08,2026-09-16
