n_trades,win_rate,avg_trade,profit_factor,cagr,sharpe,sortino,max_dd,exposure,worst_trade,worst_year,trades_per_year,market,source,filter,stop,cost,data_start,data_end
1191,0.5130142737195634,-0.00025859982643409714,0.9465347345443738,-0.016326082235407102,-0.12130234196585798,-0.15259464882234736,-0.47534434622983124,0.4697586963334378,-0.08367948610741564,-0.14539268450309117,45.44163271701661,SPY,github_daily,A_none,no_stop,1x,2000-01-03,2026-03-20
1191,0.49706129303106633,-0.0006585998264340972,0.869192559388484,-0.03405616764873942,-0.308931767149206,-0.390110072406353,-0.6560277463845317,0.4697586963334378,-0.08407948610741564,-0.1606989961137243,45.44163271701661,SPY,github_daily,A_none,no_stop,2x,2000-01-03,2026-03-20
1191,0.5062972292191436,-0.00029641445115560864,0.9365826465741173,-0.017220856336602308,-0.15246276453306884,-0.21461623484252282,-0.4770998285591824,0.4697586963334378,-0.06362773694139083,-0.14984043155794746,45.44163271701661,SPY,github_daily,A_none,stop_2pct,1x,2000-01-03,2026-03-20
1191,0.4903442485306465,-0.0006964144511556087,0.8571402697262546,-0.0349348450948046,-0.35820545209593735,-0.503893379775187,-0.6631337045153531,0.4697586963334378,-0.06402773694139083,-0.16473265869530185,45.44163271701661,SPY,github_daily,A_none,stop_2pct,2x,2000-01-03,2026-03-20
1191,0.5130142737195634,-0.0002688788119158608,0.9445274527932613,-0.01675091181751487,-0.12653884242615615,-0.16063233148534922,-0.4914249312486185,0.4697586963334378,-0.07098940167550676,-0.13911296462108713,45.44163271701661,SPY,github_daily,A_none,stop_5pct,1x,2000-01-03,2026-03-20
1191,0.49706129303106633,-0.0006688788119158609,0.8674216703215011,-0.0344734913664696,-0.31478549752630364,-0.4009809061201172,-0.6599015643151306,0.4697586963334378,-0.07138940167550675,-0.1545273732720014,45.44163271701661,SPY,github_daily,A_none,stop_5pct,2x,2000-01-03,2026-03-20
1191,0.5130142737195634,-0.00025859982643409714,0.9465347345443738,-0.016326082235407102,-0.12130234196585798,-0.15259464882234736,-0.47534434622983124,0.4697586963334378,-0.08367948610741564,-0.14539268450309117,45.44163271701661,SPY,github_daily,A_none,stop_10pct,1x,2000-01-03,2026-03-20
1191,0.49706129303106633,-0.0006585998264340972,0.869192559388484,-0.03405616764873942,-0.308931767149206,-0.390110072406353,-0.6560277463845317,0.4697586963334378,-0.08407948610741564,-0.1606989961137243,45.44163271701661,SPY,github_daily,A_none,stop_10pct,2x,2000-01-03,2026-03-20
352,0.4772727272727273,-0.0002507994896325966,0.9672827612312463,-0.006348415343231495,-0.04355234359875319,-0.060721596313615116,-0.33970904987023853,0.138827953619555,-0.08367948610741564,-0.12942953485895603,13.430272641805077,SPY,github_daily,E_prior_close_lt_sma180,no_stop,1x,2000-01-03,2026-03-20
352,0.4744318181818182,-0.0006507994896325967,0.9173605511227547,-0.011676880559770897,-0.11301395799446713,-0.15758072497422337,-0.38569557510630925,0.138827953619555,-0.08407948610741564,-0.1357265697639145,13.430272641805077,SPY,github_daily,E_prior_close_lt_sma180,no_stop,2x,2000-01-03,2026-03-20
352,0.4630681818181818,-0.00010205224023639427,0.9853776598899987,-0.0036067414925617935,-0.020429666511031157,-0.03458267409403693,-0.32681692448533906,0.138827953619555,-0.06359569120287249,-0.1172540244835023,13.430272641805077,SPY,github_daily,E_prior_close_lt_sma180,stop_2pct,1x,2000-01-03,2026-03-20
352,0.4602272727272727,-0.0005020522402363946,0.9302160662116981,-0.008948508115710352,-0.10050499445565168,-0.1699107287124591,-0.3801795422540881,0.138827953619555,-0.06399569120287249,-0.1236339934746199,13.430272641805077,SPY,github_daily,E_prior_close_lt_sma180,stop_2pct,2x,2000-01-03,2026-03-20
352,0.4772727272727273,-0.00029167878216834737,0.9621518208034007,-0.006863337068729769,-0.05087736020261176,-0.07218203094157628,-0.3613941188418428,0.138827953619555,-0.07098940167550676,-0.15136938983258774,13.430272641805077,SPY,github_daily,E_prior_close_lt_sma180,stop_5pct,1x,2000-01-03,2026-03-20
352,0.4744318181818182,-0.0006916787821683474,0.9126232053208894,-0.012189231916360233,-0.12064912738346487,-0.17116100967168432,-0.40587859147379823,0.138827953619555,-0.07138940167550675,-0.1575166760869927,13.430272641805077,SPY,github_daily,E_prior_close_lt_sma180,stop_5pct,2x,2000-01-03,2026-03-20
352,0.4772727272727273,-0.0002507994896325966,0.9672827612312463,-0.006348415343231495,-0.04355234359875319,-0.060721596313615116,-0.33970904987023853,0.138827953619555,-0.08367948610741564,-0.12942953485895603,13.430272641805077,SPY,github_daily,E_prior_close_lt_sma180,stop_10pct,1x,2000-01-03,2026-03-20
352,0.4744318181818182,-0.0006507994896325967,0.9173605511227547,-0.011676880559770897,-0.11301395799446713,-0.15758072497422337,-0.38569557510630925,0.138827953619555,-0.08407948610741564,-0.1357265697639145,13.430272641805077,SPY,github_daily,E_prior_close_lt_sma180,stop_10pct,2x,2000-01-03,2026-03-20
813,0.5325953259532595,-5.7658977513632426e-05,0.9831953899986701,-0.003256309332973495,-0.03302373668503382,-0.04109305901079201,-0.2136538959787737,0.320589157004074,-0.06362773694139083,-0.10721525047099068,31.01935130053275,SPY,github_daily,G_prior_close_gt_sma180_control,no_stop,1x,2000-01-03,2026-03-20
813,0.5116851168511685,-0.000457658977513633,0.8736636866687119,-0.015551549177859725,-0.2621206656219093,-0.32695058708565883,-0.40389222235822897,0.320589157004074,-0.06402773694139083,-0.11082130449692662,31.01935130053275,SPY,github_daily,G_prior_close_gt_sma180_control,no_stop,2x,2000-01-03,2026-03-20
813,0.5289052890528906,-0.00024065016186994263,0.9322708026658895,-0.008918135747643552,-0.13696015397033792,-0.1695623796875304,-0.3026065251078818,0.320589157004074,-0.06362773694139083,-0.10619646858423692,31.01935130053275,SPY,github_daily,G_prior_close_gt_sma180_control,stop_2pct,1x,2000-01-03,2026-03-20
813,0.5079950799507995,-0.0006406501618699431,0.8289776889069299,-0.021145774183790822,-0.36461037104246613,-0.45221168022923647,-0.48506714712643517,0.320589157004074,-0.06402773694139083,-0.11111418410915874,31.01935130053275,SPY,github_daily,G_prior_close_gt_sma180_control,stop_2pct,2x,2000-01-03,2026-03-20
813,0.5325953259532595,-5.7658977513632426e-05,0.9831953899986701,-0.003256309332973495,-0.03302373668503382,-0.04109305901079201,-0.2136538959787737,0.320589157004074,-0.06362773694139083,-0.10721525047099068,31.01935130053275,SPY,github_daily,G_prior_close_gt_sma180_control,stop_5pct,1x,2000-01-03,2026-03-20
813,0.5116851168511685,-0.000457658977513633,0.8736636866687119,-0.015551549177859725,-0.2621206656219093,-0.32695058708565883,-0.40389222235822897,0.320589157004074,-0.06402773694139083,-0.11082130449692662,31.01935130053275,SPY,github_daily,G_prior_close_gt_sma180_control,stop_5pct,2x,2000-01-03,2026-03-20
813,0.5325953259532595,-5.7658977513632426e-05,0.9831953899986701,-0.003256309332973495,-0.03302373668503382,-0.04109305901079201,-0.2136538959787737,0.320589157004074,-0.06362773694139083,-0.10721525047099068,31.01935130053275,SPY,github_daily,G_prior_close_gt_sma180_control,stop_10pct,1x,2000-01-03,2026-03-20
813,0.5116851168511685,-0.000457658977513633,0.8736636866687119,-0.015551549177859725,-0.2621206656219093,-0.32695058708565883,-0.40389222235822897,0.320589157004074,-0.06402773694139083,-0.11082130449692662,31.01935130053275,SPY,github_daily,G_prior_close_gt_sma180_control,stop_10pct,2x,2000-01-03,2026-03-20
512,0.529296875,-0.00037949219913362045,0.9031331185941975,-0.021887600726239187,-0.23494155456528001,-0.25651915035336725,-0.35593727331383884,0.42864735583311186,-0.08290250361046185,-0.2894813844072557,49.696518735051825,FTSE100,github_daily,A_none,no_stop,1x,2013-05-23,2023-09-11
512,0.5078125,-0.0007794921991336204,0.8104105705773558,-0.041152711466883596,-0.48257937700447723,-0.5312049152919865,-0.3871021479432083,0.42864735583311186,-0.08330250361046185,-0.3033734896160175,49.696518735051825,FTSE100,github_daily,A_none,no_stop,2x,2013-05-23,2023-09-11
512,0.525390625,-3.6607500706621507e-05,0.9897338116457515,-0.004155865098791733,-0.026563174762885923,-0.03823246690679715,-0.23747031073133407,0.42864735583311186,-0.032754577628577405,-0.18910415266573755,49.696518735051825,FTSE100,github_daily,A_none,stop_2pct,1x,2013-05-23,2023-09-11
512,0.50390625,-0.00043660750070662177,0.8839180970607878,-0.023762824561010754,-0.3168116129260653,-0.4537248481814221,-0.26630174929855277,0.42864735583311186,-0.03315457762857741,-0.20491431659500303,49.696518735051825,FTSE100,github_daily,A_none,stop_2pct,2x,2013-05-23,2023-09-11
512,0.529296875,-0.00033905717848245053,0.9125517463910139,-0.019792648658359946,-0.21397702037682115,-0.23931930528264456,-0.3415827719692678,0.42864735583311186,-0.08290250361046185,-0.27364575225486365,49.696518735051825,FTSE100,github_daily,A_none,stop_5pct,1x,2013-05-23,2023-09-11
512,0.5078125,-0.0007390571784824505,0.8184598573276748,-0.03909814603254269,-0.4664147022268711,-0.5254138518035563,-0.3734363467416786,0.42864735583311186,-0.08330250361046185,-0.2878407880888786,49.696518735051825,FTSE100,github_daily,A_none,stop_5pct,2x,2013-05-23,2023-09-11
512,0.529296875,-0.00037949219913362045,0.9031331185941975,-0.021887600726239187,-0.23494155456528001,-0.25651915035336725,-0.35593727331383884,0.42864735583311186,-0.08290250361046185,-0.2894813844072557,49.696518735051825,FTSE100,github_daily,A_none,stop_10pct,1x,2013-05-23,2023-09-11
512,0.5078125,-0.0007794921991336204,0.8104105705773558,-0.041152711466883596,-0.48257937700447723,-0.5312049152919865,-0.3871021479432083,0.42864735583311186,-0.08330250361046185,-0.3033734896160175,49.696518735051825,FTSE100,github_daily,A_none,stop_10pct,2x,2013-05-23,2023-09-11
187,0.5561497326203209,-0.0001536733395298275,0.968352735990091,-0.004769233812275786,-0.044650657175126826,-0.04542156522526971,-0.28475870606333653,0.1509433962264151,-0.08290250361046185,-0.2580050677091207,18.150876959872445,FTSE100,github_daily,E_prior_close_lt_sma180,no_stop,1x,2013-05-23,2023-09-11
187,0.5401069518716578,-0.0005536733395298274,0.8901186071380984,-0.011972920699170775,-0.1608729174884332,-0.16491514417179348,-0.2922582517160255,0.1509433962264151,-0.08330250361046185,-0.26841346283815914,18.150876959872445,FTSE100,github_daily,E_prior_close_lt_sma180,no_stop,2x,2013-05-23,2023-09-11
187,0.5454545454545454,0.0005232273524465801,1.1259450385391045,0.008316244072641865,0.19275573813990338,0.2922571293754684,-0.18462789690904458,0.1509433962264151,-0.032754577628577405,-0.1541288603529377,18.150876959872445,FTSE100,github_daily,E_prior_close_lt_sma180,stop_2pct,1x,2013-05-23,2023-09-11
187,0.5294117647058824,0.00012322735244657966,1.0283822958737232,0.0010234026394635443,0.04539666966721044,0.06836042232615304,-0.19313253402145725,0.1509433962264151,-0.03315457762857741,-0.16594806394416306,18.150876959872445,FTSE100,github_daily,E_prior_close_lt_sma180,stop_2pct,2x,2013-05-23,2023-09-11
187,0.5561497326203209,-4.296355036726601e-05,0.990945716585582,-0.00263761708480148,-0.012892451572774778,-0.013536235014338665,-0.26881781755961587,0.1509433962264151,-0.08290250361046185,-0.24146790942946783,18.150876959872445,FTSE100,github_daily,E_prior_close_lt_sma180,stop_5pct,1x,2013-05-23,2023-09-11
187,0.5401069518716578,-0.000442963550367266,0.9101150555221399,-0.009855830407942467,-0.13292398027620853,-0.14052081909035147,-0.2764777134067229,0.1509433962264151,-0.08330250361046185,-0.25210125657896265,18.150876959872445,FTSE100,github_daily,E_prior_close_lt_sma180,stop_5pct,2x,2013-05-23,2023-09-11
187,0.5561497326203209,-0.0001536733395298275,0.968352735990091,-0.004769233812275786,-0.044650657175126826,-0.04542156522526971,-0.28475870606333653,0.1509433962264151,-0.08290250361046185,-0.2580050677091207,18.150876959872445,FTSE100,github_daily,E_prior_close_lt_sma180,stop_10pct,1x,2013-05-23,2023-09-11
187,0.5401069518716578,-0.0005536733395298274,0.8901186071380984,-0.011972920699170775,-0.1608729174884332,-0.16491514417179348,-0.2922582517160255,0.1509433962264151,-0.08330250361046185,-0.26841346283815914,18.150876959872445,FTSE100,github_daily,E_prior_close_lt_sma180,stop_10pct,2x,2013-05-23,2023-09-11
290,0.503448275862069,-0.0005261587968930802,0.8474495065941183,-0.015882032397094403,-0.303635830186141,-0.3833946867937776,-0.20170347953193268,0.24980069093808133,-0.04948241490419007,-0.10670237870468868,28.148418814775447,FTSE100,github_daily,G_prior_close_gt_sma180_control,no_stop,1x,2013-05-23,2023-09-11
290,0.4793103448275862,-0.0009261587968930806,0.7464654074846806,-0.026909326977096804,-0.5344679150845277,-0.6762132372884008,-0.2581611662293024,0.24980069093808133,-0.04988241490419008,-0.11810675540414906,28.148418814775447,FTSE100,github_daily,G_prior_close_gt_sma180_control,no_stop,2x,2013-05-23,2023-09-11
290,0.503448275862069,-0.0003462434564449264,0.8940880826151366,-0.01073139367197995,-0.21358834105441,-0.30469814011558305,-0.16178103663867605,0.24980069093808133,-0.02969863086377904,-0.07937068862047236,28.148418814775447,FTSE100,github_daily,G_prior_close_gt_sma180_control,stop_2pct,1x,2013-05-23,2023-09-11
290,0.4793103448275862,-0.0007462434564449265,0.7851345040530964,-0.02181429612126995,-0.4603376581360265,-0.6536669157808916,-0.21715510727623477,0.24980069093808133,-0.03009863086377904,-0.09111263842024697,28.148418814775447,FTSE100,github_daily,G_prior_close_gt_sma180_control,stop_2pct,2x,2013-05-23,2023-09-11
290,0.503448275862069,-0.0005261587968930802,0.8474495065941183,-0.015882032397094403,-0.303635830186141,-0.3833946867937776,-0.20170347953193268,0.24980069093808133,-0.04948241490419007,-0.10670237870468868,28.148418814775447,FTSE100,github_daily,G_prior_close_gt_sma180_control,stop_5pct,1x,2013-05-23,2023-09-11
290,0.4793103448275862,-0.0009261587968930806,0.7464654074846806,-0.026909326977096804,-0.5344679150845277,-0.6762132372884008,-0.2581611662293024,0.24980069093808133,-0.04988241490419008,-0.11810675540414906,28.148418814775447,FTSE100,github_daily,G_prior_close_gt_sma180_control,stop_5pct,2x,2013-05-23,2023-09-11
290,0.503448275862069,-0.0005261587968930802,0.8474495065941183,-0.015882032397094403,-0.303635830186141,-0.3833946867937776,-0.20170347953193268,0.24980069093808133,-0.04948241490419007,-0.10670237870468868,28.148418814775447,FTSE100,github_daily,G_prior_close_gt_sma180_control,stop_10pct,1x,2013-05-23,2023-09-11
290,0.4793103448275862,-0.0009261587968930806,0.7464654074846806,-0.026909326977096804,-0.5344679150845277,-0.6762132372884008,-0.2581611662293024,0.24980069093808133,-0.04988241490419008,-0.11810675540414906,28.148418814775447,FTSE100,github_daily,G_prior_close_gt_sma180_control,stop_10pct,2x,2013-05-23,2023-09-11
514,0.5369649805447471,-0.0005399703939033862,0.8859828454944658,-0.030570763911246246,-0.2983189814678561,-0.35041976844518125,-0.3719015739120132,0.4244355909694555,-0.07262193994207615,-0.2274210646776238,49.864143426294824,DAX30,github_daily,A_none,no_stop,1x,2013-05-21,2023-09-11
514,0.5097276264591439,-0.0009399703939033862,0.8092275290134918,-0.04973229284608971,-0.5193081207510981,-0.6123296860659584,-0.4567574888523286,0.4244355909694555,-0.07302193994207615,-0.24280348321984224,49.864143426294824,DAX30,github_daily,A_none,no_stop,2x,2013-05-21,2023-09-11
514,0.5330739299610895,-0.0004008350084248745,0.9123711879676462,-0.0231157692383398,-0.24278916903163808,-0.34734282782659237,-0.299191711659088,0.4244355909694555,-0.041344297401696026,-0.18784867342650213,49.864143426294824,DAX30,github_daily,A_none,stop_2pct,1x,2013-05-21,2023-09-11
514,0.5058365758754864,-0.0008008350084248744,0.8320080951047,-0.04242142533994786,-0.48507256636831775,-0.6861530323586964,-0.4006346196602688,0.4244355909694555,-0.04174429740169603,-0.20400166046332957,49.864143426294824,DAX30,github_daily,A_none,stop_2pct,2x,2013-05-21,2023-09-11
514,0.5369649805447471,-0.0005261538444379806,0.8885751978611093,-0.029838070956153206,-0.29290229777580123,-0.3485038226684605,-0.36699095197345033,0.4244355909694555,-0.07262193994207615,-0.2150998507523464,49.864143426294824,DAX30,github_daily,A_none,stop_5pct,1x,2013-05-21,2023-09-11
514,0.5097276264591439,-0.0009261538444379807,0.8115031048422965,-0.049013767344534,-0.5155765599689585,-0.6152553534050434,-0.45250842237690503,0.4244355909694555,-0.07302193994207615,-0.2307224205309446,49.864143426294824,DAX30,github_daily,A_none,stop_5pct,2x,2013-05-21,2023-09-11
514,0.5369649805447471,-0.0005399703939033862,0.8859828454944658,-0.030570763911246246,-0.2983189814678561,-0.35041976844518125,-0.3719015739120132,0.4244355909694555,-0.07262193994207615,-0.2274210646776238,49.864143426294824,DAX30,github_daily,A_none,stop_10pct,1x,2013-05-21,2023-09-11
514,0.5097276264591439,-0.0009399703939033862,0.8092275290134918,-0.04973229284608971,-0.5193081207510981,-0.6123296860659584,-0.4567574888523286,0.4244355909694555,-0.07302193994207615,-0.24280348321984224,49.864143426294824,DAX30,github_daily,A_none,stop_10pct,2x,2013-05-21,2023-09-11
174,0.5459770114942529,-0.0011408660707092316,0.825314167318561,-0.02142344660793083,-0.28088190799415425,-0.3227059084776934,-0.3097151198846896,0.14236387782204515,-0.07262193994207615,-0.1593237701247845,16.8800796812749,DAX30,github_daily,E_prior_close_lt_sma180,no_stop,1x,2013-05-21,2023-09-11
174,0.5229885057471264,-0.0015408660707092329,0.7706034793035322,-0.02801925476958378,-0.37936214689530484,-0.43626644262007014,-0.33846562838875804,0.14236387782204515,-0.07302193994207615,-0.16441423459651117,16.8800796812749,DAX30,github_daily,E_prior_close_lt_sma180,no_stop,2x,2013-05-21,2023-09-11
174,0.5344827586206896,-0.00046433530289668535,0.9197758297294526,-0.009435101425268932,-0.13694721201725288,-0.22769244850835837,-0.2246174549496427,0.14236387782204515,-0.035141654514641615,-0.09957022982028574,16.8800796812749,DAX30,github_daily,E_prior_close_lt_sma180,stop_2pct,1x,2013-05-21,2023-09-11
174,0.5114942528735632,-0.0008643353028966853,0.8554297601446008,-0.01610660715472989,-0.2549199021512388,-0.41264319953561346,-0.24105606934114931,0.14236387782204515,-0.03554165451464162,-0.1049962375556106,16.8800796812749,DAX30,github_daily,E_prior_close_lt_sma180,stop_2pct,2x,2013-05-21,2023-09-11
174,0.5459770114942529,-0.0010066318509322923,0.8426332487578292,-0.019069992706725047,-0.25475644199934916,-0.30335301357289224,-0.29240978054675615,0.14236387782204515,-0.07262193994207615,-0.14591652952241618,16.8800796812749,DAX30,github_daily,E_prior_close_lt_sma180,stop_5pct,1x,2013-05-21,2023-09-11
174,0.5229885057471264,-0.0014066318509322936,0.7863173448465416,-0.025680670760399482,-0.3559876683959339,-0.42342188615768067,-0.32187393681539134,0.14236387782204515,-0.07302193994207615,-0.15108247224673677,16.8800796812749,DAX30,github_daily,E_prior_close_lt_sma180,stop_5pct,2x,2013-05-21,2023-09-11
174,0.5459770114942529,-0.0011408660707092316,0.825314167318561,-0.02142344660793083,-0.28088190799415425,-0.3227059084776934,-0.3097151198846896,0.14236387782204515,-0.07262193994207615,-0.1593237701247845,16.8800796812749,DAX30,github_daily,E_prior_close_lt_sma180,stop_10pct,1x,2013-05-21,2023-09-11
174,0.5229885057471264,-0.0015408660707092329,0.7706034793035322,-0.02801925476958378,-0.37936214689530484,-0.43626644262007014,-0.33846562838875804,0.14236387782204515,-0.07302193994207615,-0.16441423459651117,16.8800796812749,DAX30,github_daily,E_prior_close_lt_sma180,stop_10pct,2x,2013-05-21,2023-09-11
307,0.5342019543973942,-0.000244837933064434,0.9370442878476406,-0.008884588530397197,-0.12786648878319842,-0.1667926383491215,-0.18092464838988953,0.2557768924302789,-0.041344297401696026,-0.08558221022457502,29.782669322709165,DAX30,github_daily,G_prior_close_gt_sma180_control,no_stop,1x,2013-05-21,2023-09-11
307,0.504885993485342,-0.0006448379330644342,0.8420282579306307,-0.02062823573086192,-0.33676628986026097,-0.43844123720182826,-0.2354566107711883,0.2557768924302789,-0.04174429740169603,-0.09796949003338229,29.782669322709165,DAX30,github_daily,G_prior_close_gt_sma180_control,no_stop,2x,2013-05-21,2023-09-11
307,0.5342019543973942,-0.00037585927668772377,0.906504334428013,-0.012767644258357302,-0.194940677303014,-0.25876375367467985,-0.19010473341158274,0.2557768924302789,-0.041344297401696026,-0.09804034310038168,29.782669322709165,DAX30,github_daily,G_prior_close_gt_sma180_control,stop_2pct,1x,2013-05-21,2023-09-11
307,0.504885993485342,-0.0007758592766877239,0.8158417957010347,-0.024466822812861166,-0.40240202190085106,-0.5316204700346582,-0.26578801516067685,0.2557768924302789,-0.04174429740169603,-0.11062011922421444,29.782669322709165,DAX30,github_daily,G_prior_close_gt_sma180_control,stop_2pct,2x,2013-05-21,2023-09-11
307,0.5342019543973942,-0.00029778597155293224,0.9244581190084026,-0.010515193198628814,-0.15244488478888646,-0.19168961888788935,-0.18092464838988953,0.2557768924302789,-0.05040000000000004,-0.08558221022457502,29.782669322709165,DAX30,github_daily,G_prior_close_gt_sma180_control,stop_5pct,1x,2013-05-21,2023-09-11
307,0.504885993485342,-0.0006977859715529325,0.831246035345653,-0.02224019221525597,-0.3572159611346224,-0.449486558132193,-0.2483289753389748,0.2557768924302789,-0.050800000000000047,-0.09796949003338229,29.782669322709165,DAX30,github_daily,G_prior_close_gt_sma180_control,stop_5pct,2x,2013-05-21,2023-09-11
307,0.5342019543973942,-0.000244837933064434,0.9370442878476406,-0.008884588530397197,-0.12786648878319842,-0.1667926383491215,-0.18092464838988953,0.2557768924302789,-0.041344297401696026,-0.08558221022457502,29.782669322709165,DAX30,github_daily,G_prior_close_gt_sma180_control,stop_10pct,1x,2013-05-21,2023-09-11
307,0.504885993485342,-0.0006448379330644342,0.8420282579306307,-0.02062823573086192,-0.33676628986026097,-0.43844123720182826,-0.2354566107711883,0.2557768924302789,-0.04174429740169603,-0.09796949003338229,29.782669322709165,DAX30,github_daily,G_prior_close_gt_sma180_control,stop_10pct,2x,2013-05-21,2023-09-11
520,0.5288461538461539,-0.0005461568718474214,0.8953280711428246,-0.03219046387243152,-0.27287567790049294,-0.32271360996854864,-0.47249370394384094,0.42375132837407015,-0.07130930775674131,-0.2713742523423567,50.4596174282678,Nasdaq100,github_daily,A_none,no_stop,1x,2013-05-22,2023-09-11
520,0.5115384615384615,-0.0009461568718474221,0.8250949438504227,-0.05154699592939038,-0.4727271798892666,-0.5605574140228489,-0.5582914853618879,0.42375132837407015,-0.07170930775674131,-0.28589860251291976,50.4596174282678,Nasdaq100,github_daily,A_none,no_stop,2x,2013-05-22,2023-09-11
520,0.5211538461538462,-0.00020949415188903738,0.956562123371852,-0.014319302611629392,-0.12037306635287931,-0.19341676887081358,-0.38598053549886546,0.42375132837407015,-0.027994176602730226,-0.23649731936690377,50.4596174282678,Nasdaq100,github_daily,A_none,stop_2pct,1x,2013-05-22,2023-09-11
520,0.5038461538461538,-0.0006094941518890378,0.878530459268132,-0.03402566130846418,-0.3502087257590424,-0.5557462115040077,-0.45301979014518323,0.42375132837407015,-0.028394176602730224,-0.2517013559364456,50.4596174282678,Nasdaq100,github_daily,A_none,stop_2pct,2x,2013-05-22,2023-09-11
520,0.5288461538461539,-0.0005461568718474214,0.8953280711428246,-0.03219046387243152,-0.27287567790049294,-0.32271360996854864,-0.47249370394384094,0.42375132837407015,-0.07130930775674131,-0.2713742523423567,50.4596174282678,Nasdaq100,github_daily,A_none,stop_5pct,1x,2013-05-22,2023-09-11
520,0.5115384615384615,-0.0009461568718474221,0.8250949438504227,-0.05154699592939038,-0.4727271798892666,-0.5605574140228489,-0.5582914853618879,0.42375132837407015,-0.07170930775674131,-0.28589860251291976,50.4596174282678,Nasdaq100,github_daily,A_none,stop_5pct,2x,2013-05-22,2023-09-11
520,0.5288461538461539,-0.0005461568718474214,0.8953280711428246,-0.03219046387243152,-0.27287567790049294,-0.32271360996854864,-0.47249370394384094,0.42375132837407015,-0.07130930775674131,-0.2713742523423567,50.4596174282678,Nasdaq100,github_daily,A_none,stop_10pct,1x,2013-05-22,2023-09-11
520,0.5115384615384615,-0.0009461568718474221,0.8250949438504227,-0.05154699592939038,-0.4727271798892666,-0.5605574140228489,-0.5582914853618879,0.42375132837407015,-0.07170930775674131,-0.28589860251291976,50.4596174282678,Nasdaq100,github_daily,A_none,stop_10pct,2x,2013-05-22,2023-09-11
101,0.48514851485148514,-0.003329842314622732,0.6734090258415509,-0.034605399449085805,-0.4625811500686602,-0.6036252725417062,-0.3983848975011052,0.08049946865037194,-0.07130930775674131,-0.22731365409755366,9.800810308182784,Nasdaq100,github_daily,E_prior_close_lt_sma180,no_stop,1x,2013-05-22,2023-09-11
101,0.48514851485148514,-0.003729842314622733,0.6414198579581133,-0.03839796739636869,-0.5181490846867379,-0.6761362463966465,-0.41885641202390644,0.08049946865037194,-0.07170930775674131,-0.24209297959202758,9.800810308182784,Nasdaq100,github_daily,E_prior_close_lt_sma180,no_stop,2x,2013-05-22,2023-09-11
101,0.45544554455445546,-0.0015170097428567654,0.8156677771677424,-0.01627669606051052,-0.26816345465982006,-0.6507975963723975,-0.25924546976251994,0.08049946865037194,-0.022968284020514252,-0.1579866637498819,9.800810308182784,Nasdaq100,github_daily,E_prior_close_lt_sma180,stop_2pct,1x,2013-05-22,2023-09-11
101,0.45544554455445546,-0.0019170097428567643,0.773069968135187,-0.020133467067852906,-0.33887188772626187,-0.822397706242976,-0.28200199277705773,0.08049946865037194,-0.02336828402051425,-0.17406224058160102,9.800810308182784,Nasdaq100,github_daily,E_prior_close_lt_sma180,stop_2pct,2x,2013-05-22,2023-09-11
101,0.48514851485148514,-0.003329842314622732,0.6734090258415509,-0.034605399449085805,-0.4625811500686602,-0.6036252725417062,-0.3983848975011052,0.08049946865037194,-0.07130930775674131,-0.22731365409755366,9.800810308182784,Nasdaq100,github_daily,E_prior_close_lt_sma180,stop_5pct,1x,2013-05-22,2023-09-11
101,0.48514851485148514,-0.003729842314622733,0.6414198579581133,-0.03839796739636869,-0.5181490846867379,-0.6761362463966465,-0.41885641202390644,0.08049946865037194,-0.07170930775674131,-0.24209297959202758,9.800810308182784,Nasdaq100,github_daily,E_prior_close_lt_sma180,stop_5pct,2x,2013-05-22,2023-09-11
101,0.48514851485148514,-0.003329842314622732,0.6734090258415509,-0.034605399449085805,-0.4625811500686602,-0.6036252725417062,-0.3983848975011052,0.08049946865037194,-0.07130930775674131,-0.22731365409755366,9.800810308182784,Nasdaq100,github_daily,E_prior_close_lt_sma180,stop_10pct,1x,2013-05-22,2023-09-11
101,0.48514851485148514,-0.003729842314622733,0.6414198579581133,-0.03839796739636869,-0.5181490846867379,-0.6761362463966465,-0.41885641202390644,0.08049946865037194,-0.07170930775674131,-0.24209297959202758,9.800810308182784,Nasdaq100,github_daily,E_prior_close_lt_sma180,stop_10pct,2x,2013-05-22,2023-09-11
383,0.5378590078328982,3.68705164404961e-06,1.0008923917457275,-0.002206756851384495,0.0020069193305448777,0.0025601442377328285,-0.2743036854103086,0.31269925611052074,-0.06682419557800827,-0.17593727400900883,37.165448990435706,Nasdaq100,github_daily,G_prior_close_gt_sma180_control,no_stop,1x,2013-05-22,2023-09-11
383,0.5143603133159269,-0.0003963129483559503,0.9082815008704358,-0.016935139398969623,-0.21571927756542394,-0.27495892039807557,-0.30146063822029623,0.31269925611052074,-0.06722419557800827,-0.19102930663798035,37.165448990435706,Nasdaq100,github_daily,G_prior_close_gt_sma180_control,no_stop,2x,2013-05-22,2023-09-11
383,0.5352480417754569,-5.828711578487008e-05,0.985971399227437,-0.004278871157069708,-0.03328024195239091,-0.0488837381549783,-0.2689099579360933,0.31269925611052074,-0.027994176602730226,-0.17088368636288176,37.165448990435706,Nasdaq100,github_daily,G_prior_close_gt_sma180_control,stop_2pct,1x,2013-05-22,2023-09-11
383,0.5117493472584856,-0.0004582871157848703,0.894531255228105,-0.018977390322327148,-0.2616685676003701,-0.3797327669255298,-0.2962660997337452,0.31269925611052074,-0.028394176602730224,-0.18606572137060562,37.165448990435706,Nasdaq100,github_daily,G_prior_close_gt_sma180_control,stop_2pct,2x,2013-05-22,2023-09-11
383,0.5378590078328982,3.68705164404961e-06,1.0008923917457275,-0.002206756851384495,0.0020069193305448777,0.0025601442377328285,-0.2743036854103086,0.31269925611052074,-0.06682419557800827,-0.17593727400900883,37.165448990435706,Nasdaq100,github_daily,G_prior_close_gt_sma180_control,stop_5pct,1x,2013-05-22,2023-09-11
383,0.5143603133159269,-0.0003963129483559503,0.9082815008704358,-0.016935139398969623,-0.21571927756542394,-0.27495892039807557,-0.30146063822029623,0.31269925611052074,-0.06722419557800827,-0.19102930663798035,37.165448990435706,Nasdaq100,github_daily,G_prior_close_gt_sma180_control,stop_5pct,2x,2013-05-22,2023-09-11
383,0.5378590078328982,3.68705164404961e-06,1.0008923917457275,-0.002206756851384495,0.0020069193305448777,0.0025601442377328285,-0.2743036854103086,0.31269925611052074,-0.06682419557800827,-0.17593727400900883,37.165448990435706,Nasdaq100,github_daily,G_prior_close_gt_sma180_control,stop_10pct,1x,2013-05-22,2023-09-11
383,0.5143603133159269,-0.0003963129483559503,0.9082815008704358,-0.016935139398969623,-0.21571927756542394,-0.27495892039807557,-0.30146063822029623,0.31269925611052074,-0.06722419557800827,-0.19102930663798035,37.165448990435706,Nasdaq100,github_daily,G_prior_close_gt_sma180_control,stop_10pct,2x,2013-05-22,2023-09-11
834,0.45323741007194246,-0.0007614264785766034,0.7303562324975303,-0.039935523085635416,-0.8470325473241248,-1.2055175063947052,-0.5002531884767943,0.42761921039138606,-0.026315010764832603,-0.1331297037233642,52.06263886515126,EURUSD,github_daily,A_none,no_stop,1x,2007-09-04,2023-09-11
834,0.4292565947242206,-0.0011614264785766036,0.6188587585614005,-0.05974184657221626,-1.2920039640826029,-1.82620522651705,-0.6357434747214938,0.42761921039138606,-0.0267150107648326,-0.15102703131238526,52.06263886515126,EURUSD,github_daily,A_none,no_stop,2x,2007-09-04,2023-09-11
834,0.4520383693045564,-0.0007743875800550863,0.7267229638341705,-0.04057828582415257,-0.8635604579768416,-1.240987725759705,-0.5074089023038086,0.42761921039138606,-0.02246782345741243,-0.13482932711155127,52.06263886515126,EURUSD,github_daily,A_none,stop_2pct,1x,2007-09-04,2023-09-11
834,0.42805755395683454,-0.0011743875800550865,0.6159117882240005,-0.06037159880524168,-1.3096215675392715,-1.867731671604577,-0.6396320168999454,0.42761921039138606,-0.022867823457412426,-0.15269224304882512,52.06263886515126,EURUSD,github_daily,A_none,stop_2pct,2x,2007-09-04,2023-09-11
834,0.45323741007194246,-0.0007614264785766034,0.7303562324975303,-0.039935523085635416,-0.8470325473241248,-1.2055175063947052,-0.5002531884767943,0.42761921039138606,-0.026315010764832603,-0.1331297037233642,52.06263886515126,EURUSD,github_daily,A_none,stop_5pct,1x,2007-09-04,2023-09-11
834,0.4292565947242206,-0.0011614264785766036,0.6188587585614005,-0.05974184657221626,-1.2920039640826029,-1.82620522651705,-0.6357434747214938,0.42761921039138606,-0.0267150107648326,-0.15102703131238526,52.06263886515126,EURUSD,github_daily,A_none,stop_5pct,2x,2007-09-04,2023-09-11
834,0.45323741007194246,-0.0007614264785766034,0.7303562324975303,-0.039935523085635416,-0.8470325473241248,-1.2055175063947052,-0.5002531884767943,0.42761921039138606,-0.026315010764832603,-0.1331297037233642,52.06263886515126,EURUSD,github_daily,A_none,stop_10pct,1x,2007-09-04,2023-09-11
834,0.4292565947242206,-0.0011614264785766036,0.6188587585614005,-0.05974184657221626,-1.2920039640826029,-1.82620522651705,-0.6357434747214938,0.42761921039138606,-0.0267150107648326,-0.15102703131238526,52.06263886515126,EURUSD,github_daily,A_none,stop_10pct,2x,2007-09-04,2023-09-11
440,0.44545454545454544,-0.0011048981721066748,0.6529464128570821,-0.030566730891313232,-0.8251447390402702,-1.1552065689122843,-0.41105154175068515,0.22560246111775764,-0.02511312786953761,-0.14072736928990803,27.467099641086993,EURUSD,github_daily,E_prior_close_lt_sma180,no_stop,1x,2007-09-04,2023-09-11
440,0.41818181818181815,-0.0015048981721066748,0.5587673312585343,-0.04117372845022105,-1.1238671950533858,-1.5609028663698639,-0.5034477794552199,0.22560246111775764,-0.02551312786953761,-0.15509720154464424,27.467099641086993,EURUSD,github_daily,E_prior_close_lt_sma180,no_stop,2x,2007-09-04,2023-09-11
440,0.4431818181818182,-0.0011413864615156138,0.6449047772236411,-0.03154065569574527,-0.8512410608649198,-1.197829621046705,-0.42324687831946306,0.22560246111775764,-0.02246782345741243,-0.14241209636644636,27.467099641086993,EURUSD,github_daily,E_prior_close_lt_sma180,stop_2pct,1x,2007-09-04,2023-09-11
440,0.4159090909090909,-0.001541386461515614,0.5522134926516331,-0.04213738347741203,-1.1495593218804157,-1.6038787410246853,-0.5137339724853168,0.22560246111775764,-0.022867823457412426,-0.1567544298758522,27.467099641086993,EURUSD,github_daily,E_prior_close_lt_sma180,stop_2pct,2x,2007-09-04,2023-09-11
440,0.44545454545454544,-0.0011048981721066748,0.6529464128570821,-0.030566730891313232,-0.8251447390402702,-1.1552065689122843,-0.41105154175068515,0.22560246111775764,-0.02511312786953761,-0.14072736928990803,27.467099641086993,EURUSD,github_daily,E_prior_close_lt_sma180,stop_5pct,1x,2007-09-04,2023-09-11
440,0.41818181818181815,-0.0015048981721066748,0.5587673312585343,-0.04117372845022105,-1.1238671950533858,-1.5609028663698639,-0.5034477794552199,0.22560246111775764,-0.02551312786953761,-0.15509720154464424,27.467099641086993,EURUSD,github_daily,E_prior_close_lt_sma180,stop_5pct,2x,2007-09-04,2023-09-11
440,0.44545454545454544,-0.0011048981721066748,0.6529464128570821,-0.030566730891313232,-0.8251447390402702,-1.1552065689122843,-0.41105154175068515,0.22560246111775764,-0.02511312786953761,-0.14072736928990803,27.467099641086993,EURUSD,github_daily,E_prior_close_lt_sma180,stop_10pct,1x,2007-09-04,2023-09-11
440,0.41818181818181815,-0.0015048981721066748,0.5587673312585343,-0.04117372845022105,-1.1238671950533858,-1.5609028663698639,-0.5034477794552199,0.22560246111775764,-0.02551312786953761,-0.15509720154464424,27.467099641086993,EURUSD,github_daily,E_prior_close_lt_sma180,stop_10pct,2x,2007-09-04,2023-09-11
364,0.4532967032967033,-0.00043598594032586454,0.8251673071499284,-0.010250860577821652,-0.35278977805537737,-0.5379998483596804,-0.18547842393918434,0.1866347632883268,-0.026315010764832603,-0.053374638633691185,22.722782430353785,EURUSD,github_daily,G_prior_close_gt_sma180_control,no_stop,1x,2007-09-04,2023-09-11
364,0.43956043956043955,-0.0008359859403258645,0.6921050751413445,-0.01921202673306599,-0.6764605622936904,-1.0255496081185502,-0.28725171474081723,0.1866347632883268,-0.0267150107648326,-0.06399578391269833,22.722782430353785,EURUSD,github_daily,G_prior_close_gt_sma180_control,no_stop,2x,2007-09-04,2023-09-11
364,0.4532967032967033,-0.0004215758065157589,0.8299632837599767,-0.009918828813173852,-0.34448568960037834,-0.5388421936769723,-0.18053031038721112,0.1866347632883268,-0.02040000000000013,-0.05104573925176248,22.722782430353785,EURUSD,github_daily,G_prior_close_gt_sma180_control,stop_2pct,1x,2007-09-04,2023-09-11
364,0.43956043956043955,-0.000821575806515759,0.6957978655796276,-0.01888286628221114,-0.6713409638130851,-1.042812350988317,-0.28341019162294856,0.1866347632883268,-0.020800000000000127,-0.06463552474328105,22.722782430353785,EURUSD,github_daily,G_prior_close_gt_sma180_control,stop_2pct,2x,2007-09-04,2023-09-11
364,0.4532967032967033,-0.00043598594032586454,0.8251673071499284,-0.010250860577821652,-0.35278977805537737,-0.5379998483596804,-0.18547842393918434,0.1866347632883268,-0.026315010764832603,-0.053374638633691185,22.722782430353785,EURUSD,github_daily,G_prior_close_gt_sma180_control,stop_5pct,1x,2007-09-04,2023-09-11
364,0.43956043956043955,-0.0008359859403258645,0.6921050751413445,-0.01921202673306599,-0.6764605622936904,-1.0255496081185502,-0.28725171474081723,0.1866347632883268,-0.0267150107648326,-0.06399578391269833,22.722782430353785,EURUSD,github_daily,G_prior_close_gt_sma180_control,stop_5pct,2x,2007-09-04,2023-09-11
364,0.4532967032967033,-0.00043598594032586454,0.8251673071499284,-0.010250860577821652,-0.35278977805537737,-0.5379998483596804,-0.18547842393918434,0.1866347632883268,-0.026315010764832603,-0.053374638633691185,22.722782430353785,EURUSD,github_daily,G_prior_close_gt_sma180_control,stop_10pct,1x,2007-09-04,2023-09-11
364,0.43956043956043955,-0.0008359859403258645,0.6921050751413445,-0.01921202673306599,-0.6764605622936904,-1.0255496081185502,-0.28725171474081723,0.1866347632883268,-0.0267150107648326,-0.06399578391269833,22.722782430353785,EURUSD,github_daily,G_prior_close_gt_sma180_control,stop_10pct,2x,2007-09-04,2023-09-11
834,0.44244604316546765,-0.001067859349835306,0.6358038866623051,-0.055231553734283234,-1.1413906751166922,-1.3830215881161654,-0.6203356039779713,0.42754613807245384,-0.07722902536697278,-0.18013654135601342,52.05374231032126,GBPUSD,github_daily,A_none,no_stop,1x,2007-09-03,2023-09-11
834,0.41127098321342925,-0.001467859349835306,0.5356956126738377,-0.07472501768457052,-1.5689341246515875,-1.90566023675302,-0.7219974439407355,0.42754613807245384,-0.07762902536697278,-0.1967608976142189,52.05374231032126,GBPUSD,github_daily,A_none,no_stop,2x,2007-09-03,2023-09-11
834,0.44244604316546765,-0.0010108939660153375,0.6484011455164004,-0.052240542355229014,-1.1741538435250314,-1.657229161387307,-0.6006130336676869,0.42754613807245384,-0.022049577532549592,-0.12964509486544518,52.05374231032126,GBPUSD,github_daily,A_none,stop_2pct,1x,2007-09-03,2023-09-11
834,0.41127098321342925,-0.0014108939660153377,0.5455254052219931,-0.07179446899794018,-1.6387540421603917,-2.288697617340712,-0.70754962462247,0.42754613807245384,-0.02244957753254959,-0.14727181287433178,52.05374231032126,GBPUSD,github_daily,A_none,stop_2pct,2x,2007-09-03,2023-09-11
834,0.44244604316546765,-0.001071258289302581,0.6350677054821598,-0.055355399963654794,-1.1654457241863054,-1.4569192583641697,-0.6211322104413585,0.42754613807245384,-0.05040000000000004,-0.15629949171521718,52.05374231032126,GBPUSD,github_daily,A_none,stop_5pct,1x,2007-09-03,2023-09-11
834,0.41127098321342925,-0.0014712582893025813,0.5351202877474407,-0.07484633820329778,-1.6006146226020346,-2.0006653891763824,-0.7225808872564825,0.42754613807245384,-0.050800000000000047,-0.173397063705388,52.05374231032126,GBPUSD,github_daily,A_none,stop_5pct,2x,2007-09-03,2023-09-11
834,0.44244604316546765,-0.001067859349835306,0.6358038866623051,-0.055231553734283234,-1.1413906751166922,-1.3830215881161654,-0.6203356039779713,0.42754613807245384,-0.07722902536697278,-0.18013654135601342,52.05374231032126,GBPUSD,github_daily,A_none,stop_10pct,1x,2007-09-03,2023-09-11
834,0.41127098321342925,-0.001467859349835306,0.5356956126738377,-0.07472501768457052,-1.5689341246515875,-1.90566023675302,-0.7219974439407355,0.42754613807245384,-0.07762902536697278,-0.1967608976142189,52.05374231032126,GBPUSD,github_daily,A_none,stop_10pct,2x,2007-09-03,2023-09-11
422,0.4265402843601896,-0.0013486682890519472,0.5955565314562901,-0.0355434833436572,-0.9921409969528214,-1.3690300321911324,-0.4685184824693863,0.21633629528366372,-0.04209811488292396,-0.12371864818379474,26.338943950786057,GBPUSD,github_daily,E_prior_close_lt_sma180,no_stop,1x,2007-09-03,2023-09-11
422,0.3981042654028436,-0.0017486682890519472,0.5100097482672716,-0.04566733937719314,-1.2863989712840045,-1.7600124511698512,-0.546428197934127,0.21633629528366372,-0.04249811488292397,-0.13939985937997101,26.338943950786057,GBPUSD,github_daily,E_prior_close_lt_sma180,no_stop,2x,2007-09-03,2023-09-11
422,0.4265402843601896,-0.0013707533489124189,0.5916381435576641,-0.036092325420840954,-1.018249594441546,-1.4487074446091694,-0.4733436422071411,0.21633629528366372,-0.02040000000000013,-0.10859224351575847,26.338943950786057,GBPUSD,github_daily,E_prior_close_lt_sma180,stop_2pct,1x,2007-09-03,2023-09-11
422,0.3981042654028436,-0.001770753348912419,0.5068730138012075,-0.04621063242159318,-1.3153853542044371,-1.8498581320901255,-0.5505476405944947,0.21633629528366372,-0.020800000000000127,-0.12593779134460803,26.338943950786057,GBPUSD,github_daily,E_prior_close_lt_sma180,stop_2pct,2x,2007-09-03,2023-09-11
422,0.4265402843601896,-0.0014189615138924217,0.583261505150605,-0.03739334962262031,-0.9958426174602742,-1.2707659074628486,-0.484618057447778,0.21633629528366372,-0.05040000000000004,-0.12371864818379474,26.338943950786057,GBPUSD,github_daily,E_prior_close_lt_sma180,stop_5pct,1x,2007-09-03,2023-09-11
422,0.3981042654028436,-0.001818961513892422,0.5001582805916605,-0.04749854658187047,-1.2765669662774681,-1.6249691367395225,-0.5601733555553904,0.21633629528366372,-0.050800000000000047,-0.13939985937997101,26.338943950786057,GBPUSD,github_daily,E_prior_close_lt_sma180,stop_5pct,2x,2007-09-03,2023-09-11
422,0.4265402843601896,-0.0013486682890519472,0.5955565314562901,-0.0355434833436572,-0.9921409969528214,-1.3690300321911324,-0.4685184824693863,0.21633629528366372,-0.04209811488292396,-0.12371864818379474,26.338943950786057,GBPUSD,github_daily,E_prior_close_lt_sma180,stop_10pct,1x,2007-09-03,2023-09-11
422,0.3981042654028436,-0.0017486682890519472,0.5100097482672716,-0.04566733937719314,-1.2863989712840045,-1.7600124511698512,-0.546428197934127,0.21633629528366372,-0.04249811488292397,-0.13939985937997101,26.338943950786057,GBPUSD,github_daily,E_prior_close_lt_sma180,stop_10pct,2x,2007-09-03,2023-09-11
382,0.45287958115183247,-0.0007388702014121733,0.7043463786892075,-0.017985362737643062,-0.5485865197195822,-0.5891609398275879,-0.2768543348098226,0.19583048530416952,-0.07722902536697278,-0.08025990049988918,23.84236158578264,GBPUSD,github_daily,G_prior_close_gt_sma180_control,no_stop,1x,2007-09-03,2023-09-11
382,0.418848167539267,-0.0011388702014121731,0.5822205802853535,-0.027315396598686648,-0.8455731994752905,-0.9199809315860588,-0.37261262641067094,0.19583048530416952,-0.07762902536697278,-0.08102753507506211,23.84236158578264,GBPUSD,github_daily,G_prior_close_gt_sma180_control,no_stop,2x,2007-09-03,2023-09-11
382,0.45287958115183247,-0.0005901031192996792,0.7489286663836836,-0.014315512614183845,-0.5357578914161399,-0.7882349143912029,-0.23231927196017876,0.19583048530416952,-0.022049577532549592,-0.06209234174767586,23.84236158578264,GBPUSD,github_daily,G_prior_close_gt_sma180_control,stop_2pct,1x,2007-09-03,2023-09-11
382,0.418848167539267,-0.000990103119299679,0.6158283207645238,-0.02367888037266319,-0.8989201075738616,-1.3072493181790703,-0.333958100250184,0.19583048530416952,-0.02244957753254959,-0.07367707286704561,23.84236158578264,GBPUSD,github_daily,G_prior_close_gt_sma180_control,stop_2pct,2x,2007-09-03,2023-09-11
382,0.45287958115183247,-0.0006686371507132917,0.7247131760055379,-0.016227175701829855,-0.5567681043369257,-0.6918155850321698,-0.2558292983395122,0.19583048530416952,-0.05040000000000004,-0.06209234174767586,23.84236158578264,GBPUSD,github_daily,G_prior_close_gt_sma180_control,stop_5pct,1x,2007-09-03,2023-09-11
382,0.418848167539267,-0.0010686371507132918,0.5976176385372277,-0.025573168779476574,-0.8898444843992506,-1.1090627439560587,-0.3543637957082053,0.19583048530416952,-0.050800000000000047,-0.07367707286704561,23.84236158578264,GBPUSD,github_daily,G_prior_close_gt_sma180_control,stop_5pct,2x,2007-09-03,2023-09-11
382,0.45287958115183247,-0.0007388702014121733,0.7043463786892075,-0.017985362737643062,-0.5485865197195822,-0.5891609398275879,-0.2768543348098226,0.19583048530416952,-0.07722902536697278,-0.08025990049988918,23.84236158578264,GBPUSD,github_daily,G_prior_close_gt_sma180_control,stop_10pct,1x,2007-09-03,2023-09-11
382,0.418848167539267,-0.0011388702014121731,0.5822205802853535,-0.027315396598686648,-0.8455731994752905,-0.9199809315860588,-0.37261262641067094,0.19583048530416952,-0.07762902536697278,-0.08102753507506211,23.84236158578264,GBPUSD,github_daily,G_prior_close_gt_sma180_control,stop_10pct,2x,2007-09-03,2023-09-11
575,0.5478260869565217,0.004610247395268657,1.2860923918727591,0.18479181693401725,0.6374654169611181,0.9345098522898583,-0.5562818673505912,0.4286779324055666,-0.18086153846153846,-0.49283693616631197,52.191538270377734,BTCUSD,github_daily,A_none,no_stop,1x,2014-01-01,2025-01-07
575,0.5408695652173913,0.004210247395268659,1.2583405476932674,0.1603547550931821,0.5821568521656302,0.8534803349540778,-0.5666138287799083,0.4286779324055666,-0.18126153846153845,-0.5034268931819554,52.191538270377734,BTCUSD,github_daily,A_none,no_stop,2x,2014-01-01,2025-01-07
575,0.38608695652173913,0.0028181931645619492,1.2231076932584863,0.11269306270229751,0.5063352381794002,1.5994957759330088,-0.5587483055531278,0.4286779324055666,-0.1573739651381409,-0.42081747304178596,52.191538270377734,BTCUSD,github_daily,A_none,stop_2pct,1x,2014-01-01,2025-01-07
575,0.3808695652173913,0.0024181931645619508,1.1877678642713145,0.08972981359507504,0.43446859049230285,1.3632094344402363,-0.5688440110627336,0.4286779324055666,-0.15777396513814088,-0.4328702007466002,52.191538270377734,BTCUSD,github_daily,A_none,stop_2pct,2x,2014-01-01,2025-01-07
575,0.5165217391304348,0.0030737418267957847,1.1912218488191217,0.1086269510031217,0.46790020564995854,0.93284683641683,-0.6023801528852559,0.4286779324055666,-0.1573739651381409,-0.43211634173672286,52.191538270377734,BTCUSD,github_daily,A_none,stop_5pct,1x,2014-01-01,2025-01-07
575,0.5095652173913043,0.002673741826795785,1.1643409835027623,0.08573845112511513,0.4070102243807483,0.8061045331041002,-0.6108758897305221,0.4286779324055666,-0.15777396513814088,-0.4439461649428159,52.191538270377734,BTCUSD,github_daily,A_none,stop_5pct,2x,2014-01-01,2025-01-07
575,0.5408695652173913,0.003594847187760843,1.21404456647965,0.12321208549332963,0.49488978049498633,0.7344499410643115,-0.5656884852102957,0.4286779324055666,-0.18086153846153846,-0.5035885570332683,52.191538270377734,BTCUSD,github_daily,A_none,stop_10pct,1x,2014-01-01,2025-01-07
575,0.5339130434782609,0.0031948471877608453,1.1881494147032496,0.10002150884749228,0.439823208299105,0.6524266481296105,-0.575805363172669,0.4286779324055666,-0.18126153846153845,-0.5139585369974196,52.191538270377734,BTCUSD,github_daily,A_none,stop_10pct,2x,2014-01-01,2025-01-07
226,0.4778761061946903,-0.0017016939764857616,0.9101008401996971,-0.059469541214067445,-0.15151883534401012,-0.2282121341963181,-0.5918247270302675,0.16848906560636182,-0.1573739651381409,-0.49283693616631197,20.51354373757455,BTCUSD,github_daily,E_prior_close_lt_sma180,no_stop,1x,2014-01-01,2025-01-07
226,0.4646017699115044,-0.0021016939764857585,0.8902054008100511,-0.06718970677240654,-0.18713483620849386,-0.2814074901219293,-0.6238413790185591,0.16848906560636182,-0.15777396513814088,-0.5034268931819554,20.51354373757455,BTCUSD,github_daily,E_prior_close_lt_sma180,no_stop,2x,2014-01-01,2025-01-07
226,0.3407079646017699,-0.000303054391786935,0.9777100167150679,-0.021136647262363195,-0.0348773543377892,-0.08792018944897952,-0.541508821026764,0.16848906560636182,-0.1573739651381409,-0.26543395949012394,20.51354373757455,BTCUSD,github_daily,E_prior_close_lt_sma180,stop_2pct,1x,2014-01-01,2025-01-07
226,0.33185840707964603,-0.0007030543917869332,0.9492860308446401,-0.029151317547214672,-0.08091180265201771,-0.20299471927341153,-0.5541404768151879,0.16848906560636182,-0.15777396513814088,-0.2713797968059044,20.51354373757455,BTCUSD,github_daily,E_prior_close_lt_sma180,stop_2pct,2x,2014-01-01,2025-01-07
226,0.4557522123893805,-0.002189612549246709,0.8828642357789959,-0.06521859740669955,-0.20947758789025125,-0.39076065154060846,-0.5826757300072821,0.16848906560636182,-0.1573739651381409,-0.43211634173672286,20.51354373757455,BTCUSD,github_daily,E_prior_close_lt_sma180,stop_5pct,1x,2014-01-01,2025-01-07
226,0.4424778761061947,-0.0025896125492467074,0.8630916032769513,-0.07289226229849888,-0.24774510475524486,-0.45782714322113816,-0.6153988415438112,0.16848906560636182,-0.15777396513814088,-0.4439461649428159,20.51354373757455,BTCUSD,github_daily,E_prior_close_lt_sma180,stop_5pct,2x,2014-01-01,2025-01-07
226,0.47345132743362833,-0.0028887080793284794,0.8529946869537568,-0.0824285405880244,-0.2560862829678289,-0.37956149796302646,-0.6891145577993889,0.16848906560636182,-0.1573739651381409,-0.5035885570332683,20.51354373757455,BTCUSD,github_daily,E_prior_close_lt_sma180,stop_10pct,1x,2014-01-01,2025-01-07
226,0.46017699115044247,-0.0032887080793284774,0.8344493459279572,-0.0899694100441718,-0.29154660307429797,-0.4313349117389069,-0.7135317062790129,0.16848906560636182,-0.15777396513814088,-0.5139585369974196,20.51354373757455,BTCUSD,github_daily,E_prior_close_lt_sma180,stop_10pct,2x,2014-01-01,2025-01-07
323,0.5944272445820433,0.0084829963618227,1.606848934688024,0.23266564086828478,0.8911229145962742,1.2576051713230296,-0.3872103933047898,0.2408051689860835,-0.18086153846153846,-0.0026329021458715296,29.318029324055665,BTCUSD,github_daily,G_prior_close_gt_sma180_control,no_stop,1x,2014-01-01,2025-01-07
323,0.5913312693498453,0.0080829963618227,1.5715872536981599,0.21837428365428124,0.8491036621252145,1.1987639709934532,-0.39440572463629087,0.2408051689860835,-0.18126153846153845,-0.0050255494343675045,29.318029324055665,BTCUSD,github_daily,G_prior_close_gt_sma180_control,no_stop,2x,2014-01-01,2025-01-07
323,0.43343653250773995,0.005931034175915595,1.5080936028119165,0.1615019796902728,0.7778474786424435,3.0459576610000196,-0.3527816412816992,0.2408051689860835,-0.11334955293078701,-0.19156252213420155,29.318029324055665,BTCUSD,github_daily,G_prior_close_gt_sma180_control,stop_2pct,1x,2014-01-01,2025-01-07
323,0.43034055727554177,0.005531034175915599,1.4647902493227416,0.1480158801181457,0.7253879948106978,2.8183530001642145,-0.3664766820898603,0.2408051689860835,-0.113749552930787,-0.20479015903763076,29.318029324055665,BTCUSD,github_daily,G_prior_close_gt_sma180_control,stop_2pct,2x,2014-01-01,2025-01-07
323,0.5696594427244582,0.0075479302867571,1.5590445574326264,0.20912857811043728,0.8793010758391845,1.8010230617852145,-0.46677016994868714,0.2408051689860835,-0.12702729224764936,-0.0026329021458715296,29.318029324055665,BTCUSD,github_daily,G_prior_close_gt_sma180_control,stop_5pct,1x,2014-01-01,2025-01-07
323,0.56656346749226,0.0071479302867571,1.5227408969525786,0.19510514063527973,0.832702814200127,1.6999192055995205,-0.473061478176673,0.2408051689860835,-0.12742729224764934,-0.0050255494343675045,29.318029324055665,BTCUSD,github_daily,G_prior_close_gt_sma180_control,stop_5pct,2x,2014-01-01,2025-01-07
323,0.5882352941176471,0.007738296580490875,1.5332934205786426,0.20592776274935098,0.8093330016811235,1.1675290065195154,-0.42892279576438297,0.2408051689860835,-0.18086153846153846,-0.0026329021458715296,29.318029324055665,BTCUSD,github_daily,G_prior_close_gt_sma180_control,stop_10pct,1x,2014-01-01,2025-01-07
323,0.5851393188854489,0.007338296580490878,1.5000398265740489,0.19193593851510715,0.767497799669273,1.1072895463534775,-0.4356513123734834,0.2408051689860835,-0.18126153846153845,-0.0050255494343675045,29.318029324055665,BTCUSD,github_daily,G_prior_close_gt_sma180_control,stop_10pct,2x,2014-01-01,2025-01-07
180,0.5444444444444444,0.0005042139733397761,1.1347393016733844,0.01979027274170142,0.28738269513514236,0.33283536888266946,-0.1343626921976313,0.4690934065934066,-0.0663500124109752,-0.010615774757020358,45.154532967032964,SPY,ibkr_daily,A_none,no_stop,1x,2022-09-21,2026-09-16
180,0.5222222222222223,0.00010421397333977561,1.0265211633003657,0.0015393093534534774,0.059397982032807675,0.06936415059610929,-0.14751020318258468,0.4690934065934066,-0.0667500124109752,-0.015752795797131736,45.154532967032964,SPY,ibkr_daily,A_none,no_stop,2x,2022-09-21,2026-09-16
180,0.5444444444444444,0.0006196843811415547,1.170868492429102,0.02554818138628545,0.3778454277547912,0.49948886029642797,-0.09175995502024858,0.4690934065934066,-0.04533102611487565,-0.02475996600759811,45.154532967032964,SPY,ibkr_daily,A_none,stop_2pct,1x,2022-09-21,2026-09-16
180,0.5222222222222223,0.00021968438114155443,1.0575995578123147,0.0071966168919805895,0.13395002599640468,0.17745684255006494,-0.10553654417918323,0.4690934065934066,-0.04573102611487565,-0.029829234327116483,45.154532967032964,SPY,ibkr_daily,A_none,stop_2pct,2x,2022-09-21,2026-09-16
180,0.5444444444444444,0.0005042139733397761,1.1347393016733844,0.01979027274170142,0.28738269513514236,0.33283536888266946,-0.1343626921976313,0.4690934065934066,-0.0663500124109752,-0.010615774757020358,45.154532967032964,SPY,ibkr_daily,A_none,stop_5pct,1x,2022-09-21,2026-09-16
180,0.5222222222222223,0.00010421397333977561,1.0265211633003657,0.0015393093534534774,0.059397982032807675,0.06936415059610929,-0.14751020318258468,0.4690934065934066,-0.0667500124109752,-0.015752795797131736,45.154532967032964,SPY,ibkr_daily,A_none,stop_5pct,2x,2022-09-21,2026-09-16
180,0.5444444444444444,0.0005042139733397761,1.1347393016733844,0.01979027274170142,0.28738269513514236,0.33283536888266946,-0.1343626921976313,0.4690934065934066,-0.0663500124109752,-0.010615774757020358,45.154532967032964,SPY,ibkr_daily,A_none,stop_10pct,1x,2022-09-21,2026-09-16
180,0.5222222222222223,0.00010421397333977561,1.0265211633003657,0.0015393093534534774,0.059397982032807675,0.06936415059610929,-0.14751020318258468,0.4690934065934066,-0.0667500124109752,-0.015752795797131736,45.154532967032964,SPY,ibkr_daily,A_none,stop_10pct,2x,2022-09-21,2026-09-16
12,0.5,-0.00024831943338445234,0.9731556825663095,-0.0017901212035279501,-0.01651824289017013,-0.018601593455983428,-0.09264351909781232,0.02403846153846154,-0.0663500124109752,-0.002951518039540413,3.0103021978021975,SPY,ibkr_daily,E_prior_close_lt_sma180,no_stop,1x,2022-09-21,2026-09-16
12,0.5,-0.0006483194333844518,0.9313973372723642,-0.0029927436425094545,-0.04312629795059914,-0.048565568812167656,-0.09340555426896913,0.02403846153846154,-0.0667500124109752,-0.0065380150343181676,3.0103021978021975,SPY,ibkr_daily,E_prior_close_lt_sma180,no_stop,2x,2022-09-21,2026-09-16
12,0.5,0.0035808482675301462,1.6605285654914659,0.010313012032378444,0.33926002645592573,0.6314353242027676,-0.047987553679445294,0.02403846153846154,-0.028162059697269638,-0.0022127702426356644,3.0103021978021975,SPY,ibkr_daily,E_prior_close_lt_sma180,stop_2pct,1x,2022-09-21,2026-09-16
12,0.5,0.0031808482675301456,1.5658678114944184,0.009100897276701936,0.301362857840074,0.5609006042674497,-0.048767968855566446,0.02403846153846154,-0.028562059697269635,-0.00301172832782004,3.0103021978021975,SPY,ibkr_daily,E_prior_close_lt_sma180,stop_2pct,2x,2022-09-21,2026-09-16
12,0.5,-0.00024831943338445234,0.9731556825663095,-0.0017901212035279501,-0.01651824289017013,-0.018601593455983428,-0.09264351909781232,0.02403846153846154,-0.0663500124109752,-0.002951518039540413,3.0103021978021975,SPY,ibkr_daily,E_prior_close_lt_sma180,stop_5pct,1x,2022-09-21,2026-09-16
12,0.5,-0.0006483194333844518,0.9313973372723642,-0.0029927436425094545,-0.04312629795059914,-0.048565568812167656,-0.09340555426896913,0.02403846153846154,-0.0667500124109752,-0.0065380150343181676,3.0103021978021975,SPY,ibkr_daily,E_prior_close_lt_sma180,stop_5pct,2x,2022-09-21,2026-09-16
12,0.5,-0.00024831943338445234,0.9731556825663095,-0.0017901212035279501,-0.01651824289017013,-0.018601593455983428,-0.09264351909781232,0.02403846153846154,-0.0663500124109752,-0.002951518039540413,3.0103021978021975,SPY,ibkr_daily,E_prior_close_lt_sma180,stop_10pct,1x,2022-09-21,2026-09-16
12,0.5,-0.0006483194333844518,0.9313973372723642,-0.0029927436425094545,-0.04312629795059914,-0.048565568812167656,-0.09340555426896913,0.02403846153846154,-0.0667500124109752,-0.0065380150343181676,3.0103021978021975,SPY,ibkr_daily,E_prior_close_lt_sma180,stop_10pct,2x,2022-09-21,2026-09-16
137,0.5693430656934306,0.0002672534425075024,1.0839679721134825,0.007738910740255678,0.16980731877684835,0.1909378778600646,-0.08599714875679054,0.35782967032967034,-0.04533102611487565,-0.038915804257773745,34.36761675824176,SPY,ibkr_daily,G_prior_close_gt_sma180_control,no_stop,1x,2022-09-21,2026-09-16
137,0.5401459854014599,-0.00013274655749249818,0.9605128098535084,-0.006019995387210764,-0.08434442150927608,-0.09546230323438433,-0.09585073251553089,0.35782967032967034,-0.04573102611487565,-0.048496102319670165,34.36761675824176,SPY,ibkr_daily,G_prior_close_gt_sma180_control,no_stop,2x,2022-09-21,2026-09-16
137,0.5693430656934306,0.00018689829231140475,1.0572752934934035,0.004911653468955057,0.11686252207964061,0.1301289353512036,-0.08599714875679054,0.35782967032967034,-0.04533102611487565,-0.038915804257773745,34.36761675824176,SPY,ibkr_daily,G_prior_close_gt_sma180_control,stop_2pct,1x,2022-09-21,2026-09-16
137,0.5401459854014599,-0.00021310170768859576,0.9380899418501124,-0.008809785095681755,-0.13324681949728012,-0.14935740850989757,-0.09585073251553089,0.35782967032967034,-0.04573102611487565,-0.048496102319670165,34.36761675824176,SPY,ibkr_daily,G_prior_close_gt_sma180_control,stop_2pct,2x,2022-09-21,2026-09-16
137,0.5693430656934306,0.0002672534425075024,1.0839679721134825,0.007738910740255678,0.16980731877684835,0.1909378778600646,-0.08599714875679054,0.35782967032967034,-0.04533102611487565,-0.038915804257773745,34.36761675824176,SPY,ibkr_daily,G_prior_close_gt_sma180_control,stop_5pct,1x,2022-09-21,2026-09-16
137,0.5401459854014599,-0.00013274655749249818,0.9605128098535084,-0.006019995387210764,-0.08434442150927608,-0.09546230323438433,-0.09585073251553089,0.35782967032967034,-0.04573102611487565,-0.048496102319670165,34.36761675824176,SPY,ibkr_daily,G_prior_close_gt_sma180_control,stop_5pct,2x,2022-09-21,2026-09-16
137,0.5693430656934306,0.0002672534425075024,1.0839679721134825,0.007738910740255678,0.16980731877684835,0.1909378778600646,-0.08599714875679054,0.35782967032967034,-0.04533102611487565,-0.038915804257773745,34.36761675824176,SPY,ibkr_daily,G_prior_close_gt_sma180_control,stop_10pct,1x,2022-09-21,2026-09-16
137,0.5401459854014599,-0.00013274655749249818,0.9605128098535084,-0.006019995387210764,-0.08434442150927608,-0.09546230323438433,-0.09585073251553089,0.35782967032967034,-0.04573102611487565,-0.048496102319670165,34.36761675824176,SPY,ibkr_daily,G_prior_close_gt_sma180_control,stop_10pct,2x,2022-09-21,2026-09-16
184,0.42934782608695654,-0.0007742787105207917,0.7717330048055422,-0.0383680480930072,-0.46815314903732447,-0.4620576662649009,-0.1982732913592855,0.4626038781163435,-0.10630235608452758,-0.10115533752755212,46.541551246537395,FTSE100,ibkr_daily,A_none,no_stop,1x,2022-10-04,2026-09-17
184,0.3858695652173913,-0.0011742787105207921,0.6762904350969022,-0.056124278726602306,-0.710005671998953,-0.7195679747330344,-0.23888760743727888,0.4626038781163435,-0.10670235608452758,-0.11793935731830774,46.541551246537395,FTSE100,ibkr_daily,A_none,no_stop,2x,2022-10-04,2026-09-17
184,0.42934782608695654,-0.00022629469851233482,0.9204309246830482,-0.01196521097145209,-0.1919656075545511,-0.27969691280534276,-0.11150629857497762,0.4626038781163435,-0.03191601134981763,-0.04182426934158234,46.541551246537395,FTSE100,ibkr_daily,A_none,stop_2pct,1x,2022-10-04,2026-09-17
184,0.3858695652173913,-0.0006262946985123353,0.7966301478066097,-0.030197788837400208,-0.5312852802053671,-0.7787866743424985,-0.15282238360942257,0.4626038781163435,-0.03231601134981763,-0.05440830414378073,46.541551246537395,FTSE100,ibkr_daily,A_none,stop_2pct,2x,2022-10-04,2026-09-17
184,0.42934782608695654,-0.0007742787105207917,0.7717330048055422,-0.0383680480930072,-0.46815314903732447,-0.4620576662649009,-0.1982732913592855,0.4626038781163435,-0.10630235608452758,-0.10115533752755212,46.541551246537395,FTSE100,ibkr_daily,A_none,stop_5pct,1x,2022-10-04,2026-09-17
184,0.3858695652173913,-0.0011742787105207921,0.6762904350969022,-0.056124278726602306,-0.710005671998953,-0.7195679747330344,-0.23888760743727888,0.4626038781163435,-0.10670235608452758,-0.11793935731830774,46.541551246537395,FTSE100,ibkr_daily,A_none,stop_5pct,2x,2022-10-04,2026-09-17
184,0.42934782608695654,-0.0007742787105207917,0.7717330048055422,-0.0383680480930072,-0.46815314903732447,-0.4620576662649009,-0.1982732913592855,0.4626038781163435,-0.10630235608452758,-0.10115533752755212,46.541551246537395,FTSE100,ibkr_daily,A_none,stop_10pct,1x,2022-10-04,2026-09-17
184,0.3858695652173913,-0.0011742787105207921,0.6762904350969022,-0.056124278726602306,-0.710005671998953,-0.7195679747330344,-0.23888760743727888,0.4626038781163435,-0.10670235608452758,-0.11793935731830774,46.541551246537395,FTSE100,ibkr_daily,A_none,stop_10pct,2x,2022-10-04,2026-09-17
34,0.4117647058823529,0.000679174234089153,1.3506531555657455,0.005677758125786081,0.30911853457300664,0.7208230577564906,-0.026525840770165288,0.07548476454293629,-0.010409598244892447,-0.005673646115665121,8.600069252077562,FTSE100,ibkr_daily,E_prior_close_lt_sma180,no_stop,1x,2022-10-04,2026-09-17
34,0.38235294117647056,0.000279174234089153,1.1283121803520886,0.0022256519394778795,0.12706302124066213,0.2922098311770148,-0.028532080491778022,0.07548476454293629,-0.010809598244892448,-0.014783746845847823,8.600069252077562,FTSE100,ibkr_daily,E_prior_close_lt_sma180,no_stop,2x,2022-10-04,2026-09-17
34,0.4117647058823529,0.000679174234089153,1.3506531555657455,0.005677758125786081,0.30911853457300664,0.7208230577564906,-0.026525840770165288,0.07548476454293629,-0.010409598244892447,-0.005673646115665121,8.600069252077562,FTSE100,ibkr_daily,E_prior_close_lt_sma180,stop_2pct,1x,2022-10-04,2026-09-17
34,0.38235294117647056,0.000279174234089153,1.1283121803520886,0.0022256519394778795,0.12706302124066213,0.2922098311770148,-0.028532080491778022,0.07548476454293629,-0.010809598244892448,-0.014783746845847823,8.600069252077562,FTSE100,ibkr_daily,E_prior_close_lt_sma180,stop_2pct,2x,2022-10-04,2026-09-17
34,0.4117647058823529,0.000679174234089153,1.3506531555657455,0.005677758125786081,0.30911853457300664,0.7208230577564906,-0.026525840770165288,0.07548476454293629,-0.010409598244892447,-0.005673646115665121,8.600069252077562,FTSE100,ibkr_daily,E_prior_close_lt_sma180,stop_5pct,1x,2022-10-04,2026-09-17
34,0.38235294117647056,0.000279174234089153,1.1283121803520886,0.0022256519394778795,0.12706302124066213,0.2922098311770148,-0.028532080491778022,0.07548476454293629,-0.010809598244892448,-0.014783746845847823,8.600069252077562,FTSE100,ibkr_daily,E_prior_close_lt_sma180,stop_5pct,2x,2022-10-04,2026-09-17
34,0.4117647058823529,0.000679174234089153,1.3506531555657455,0.005677758125786081,0.30911853457300664,0.7208230577564906,-0.026525840770165288,0.07548476454293629,-0.010409598244892447,-0.005673646115665121,8.600069252077562,FTSE100,ibkr_daily,E_prior_close_lt_sma180,stop_10pct,1x,2022-10-04,2026-09-17
34,0.38235294117647056,0.000279174234089153,1.1283121803520886,0.0022256519394778795,0.12706302124066213,0.2922098311770148,-0.028532080491778022,0.07548476454293629,-0.010809598244892448,-0.014783746845847823,8.600069252077562,FTSE100,ibkr_daily,E_prior_close_lt_sma180,stop_10pct,2x,2022-10-04,2026-09-17
119,0.4369747899159664,-0.0013712816219718102,0.6463083931707695,-0.042913826484470396,-0.5903479129450725,-0.5447598703200509,-0.21435094407429744,0.29916897506925205,-0.10630235608452758,-0.1103639313940632,30.100242382271468,FTSE100,ibkr_daily,G_prior_close_gt_sma180_control,no_stop,1x,2022-10-04,2026-09-17
119,0.3865546218487395,-0.0017712816219718095,0.5692825107993089,-0.05438804350501536,-0.7625511725778212,-0.7266760858690251,-0.24160618403944878,0.29916897506925205,-0.10670235608452758,-0.12628073303470566,30.100242382271468,FTSE100,ibkr_daily,G_prior_close_gt_sma180_control,no_stop,2x,2022-10-04,2026-09-17
119,0.4369747899159664,-0.0005594967884183853,0.8174722434000102,-0.01771074740209755,-0.37256729433284275,-0.49905486426746565,-0.1293239576563453,0.29916897506925205,-0.03191601134981763,-0.04182426934158234,30.100242382271468,FTSE100,ibkr_daily,G_prior_close_gt_sma180_control,stop_2pct,1x,2022-10-04,2026-09-17
119,0.3865546218487395,-0.0009594967884183854,0.7092973879485107,-0.029476369937416758,-0.6389261382404445,-0.863937888246646,-0.15949210611302467,0.29916897506925205,-0.03231601134981763,-0.05440830414378073,30.100242382271468,FTSE100,ibkr_daily,G_prior_close_gt_sma180_control,stop_2pct,2x,2022-10-04,2026-09-17
119,0.4369747899159664,-0.0013712816219718102,0.6463083931707695,-0.042913826484470396,-0.5903479129450725,-0.5447598703200509,-0.21435094407429744,0.29916897506925205,-0.10630235608452758,-0.1103639313940632,30.100242382271468,FTSE100,ibkr_daily,G_prior_close_gt_sma180_control,stop_5pct,1x,2022-10-04,2026-09-17
119,0.3865546218487395,-0.0017712816219718095,0.5692825107993089,-0.05438804350501536,-0.7625511725778212,-0.7266760858690251,-0.24160618403944878,0.29916897506925205,-0.10670235608452758,-0.12628073303470566,30.100242382271468,FTSE100,ibkr_daily,G_prior_close_gt_sma180_control,stop_5pct,2x,2022-10-04,2026-09-17
119,0.4369747899159664,-0.0013712816219718102,0.6463083931707695,-0.042913826484470396,-0.5903479129450725,-0.5447598703200509,-0.21435094407429744,0.29916897506925205,-0.10630235608452758,-0.1103639313940632,30.100242382271468,FTSE100,ibkr_daily,G_prior_close_gt_sma180_control,stop_10pct,1x,2022-10-04,2026-09-17
119,0.3865546218487395,-0.0017712816219718095,0.5692825107993089,-0.05438804350501536,-0.7625511725778212,-0.7266760858690251,-0.24160618403944878,0.29916897506925205,-0.10670235608452758,-0.12628073303470566,30.100242382271468,FTSE100,ibkr_daily,G_prior_close_gt_sma180_control,stop_10pct,2x,2022-10-04,2026-09-17
195,0.5743589743589743,-0.0005049879705198803,0.8688879528877305,-0.029164521783407116,-0.2701403022966969,-0.2272695120271572,-0.24806756561898757,0.4250871080139373,-0.1299854381861419,-0.13349824029030533,49.633275261324044,DAX30,ibkr_daily,A_none,no_stop,1x,2022-10-13,2026-09-17
195,0.5333333333333333,-0.00090498797051988,0.7753221179648081,-0.048265624342152647,-0.4841179160751716,-0.41999885106299156,-0.27099706289675096,0.4250871080139373,-0.13038543818614187,-0.15071226084928446,49.633275261324044,DAX30,ibkr_daily,A_none,no_stop,2x,2022-10-13,2026-09-17
195,0.5692307692307692,-3.401994284124071e-05,0.9899315608364836,-0.003667709317558998,-0.02682669631865485,-0.03630388070244741,-0.14491720225052884,0.4250871080139373,-0.024078391673720324,-0.06301198809621444,49.633275261324044,DAX30,ibkr_daily,A_none,stop_2pct,1x,2022-10-13,2026-09-17
195,0.5333333333333333,-0.0004340199428412407,0.8779803381606828,-0.02325923625135562,-0.3422498755267534,-0.4564681575295096,-0.17621126032868095,0.4250871080139373,-0.02447839167372032,-0.08159405523670127,49.633275261324044,DAX30,ibkr_daily,A_none,stop_2pct,2x,2022-10-13,2026-09-17
195,0.5743589743589743,-9.68575182832549e-05,0.9718719154227949,-0.007292336476606764,-0.06821391994536224,-0.0725276561927889,-0.1792838062393498,0.4250871080139373,-0.05040000000000004,-0.0853601872886195,49.633275261324044,DAX30,ibkr_daily,A_none,stop_5pct,1x,2022-10-13,2026-09-17
195,0.5333333333333333,-0.0004968575182832551,0.8627391419723306,-0.026814223536412274,-0.3499222319253332,-0.3767662473543102,-0.20428012790507866,0.4250871080139373,-0.050800000000000047,-0.09811212937577451,49.633275261324044,DAX30,ibkr_daily,A_none,stop_5pct,2x,2022-10-13,2026-09-17
195,0.5743589743589743,-0.0005049879705198803,0.8688879528877305,-0.029164521783407116,-0.2701403022966969,-0.2272695120271572,-0.24806756561898757,0.4250871080139373,-0.1299854381861419,-0.13349824029030533,49.633275261324044,DAX30,ibkr_daily,A_none,stop_10pct,1x,2022-10-13,2026-09-17
195,0.5333333333333333,-0.00090498797051988,0.7753221179648081,-0.048265624342152647,-0.4841179160751716,-0.41999885106299156,-0.27099706289675096,0.4250871080139373,-0.13038543818614187,-0.15071226084928446,49.633275261324044,DAX30,ibkr_daily,A_none,stop_10pct,2x,2022-10-13,2026-09-17
16,0.5625,-0.005279444266553935,0.3790568344359756,-0.021952482295244602,-0.6087391458862813,-0.6258389574401196,-0.11092545808773224,0.032752613240418116,-0.04965253066099344,-0.09248066116243792,4.072473867595819,DAX30,ibkr_daily,E_prior_close_lt_sma180,no_stop,1x,2022-10-13,2026-09-17
16,0.5625,-0.005679444266553936,0.3454824518718006,-0.02355368476216313,-0.6548606022480985,-0.6732559904339066,-0.11274478197855464,0.032752613240418116,-0.050052530660993445,-0.094692630949481,4.072473867595819,DAX30,ibkr_daily,E_prior_close_lt_sma180,no_stop,2x,2022-10-13,2026-09-17
16,0.5625,-0.0022370945234835666,0.5902718975992355,-0.009338727544901393,-0.39904415703580076,-0.6268768146444909,-0.06501866658963795,0.032752613240418116,-0.02040000000000002,-0.045621484451678684,4.072473867595819,DAX30,ibkr_daily,E_prior_close_lt_sma180,stop_2pct,1x,2022-10-13,2026-09-17
16,0.5625,-0.002637094523483566,0.5320109293364477,-0.010955334698258046,-0.47039458999192196,-0.7389644905229921,-0.0669124864367896,0.032752613240418116,-0.020800000000000016,-0.04792782861111011,4.072473867595819,DAX30,ibkr_daily,E_prior_close_lt_sma180,stop_2pct,2x,2022-10-13,2026-09-17
16,0.5625,-0.005279444266553935,0.3790568344359756,-0.021952482295244602,-0.6087391458862813,-0.6258389574401196,-0.11092545808773224,0.032752613240418116,-0.04965253066099344,-0.09248066116243792,4.072473867595819,DAX30,ibkr_daily,E_prior_close_lt_sma180,stop_5pct,1x,2022-10-13,2026-09-17
16,0.5625,-0.005679444266553936,0.3454824518718006,-0.02355368476216313,-0.6548606022480985,-0.6732559904339066,-0.11274478197855464,0.032752613240418116,-0.050052530660993445,-0.094692630949481,4.072473867595819,DAX30,ibkr_daily,E_prior_close_lt_sma180,stop_5pct,2x,2022-10-13,2026-09-17
16,0.5625,-0.005279444266553935,0.3790568344359756,-0.021952482295244602,-0.6087391458862813,-0.6258389574401196,-0.11092545808773224,0.032752613240418116,-0.04965253066099344,-0.09248066116243792,4.072473867595819,DAX30,ibkr_daily,E_prior_close_lt_sma180,stop_10pct,1x,2022-10-13,2026-09-17
16,0.5625,-0.005679444266553936,0.3454824518718006,-0.02355368476216313,-0.6548606022480985,-0.6732559904339066,-0.11274478197855464,0.032752613240418116,-0.050052530660993445,-0.094692630949481,4.072473867595819,DAX30,ibkr_daily,E_prior_close_lt_sma180,stop_10pct,2x,2022-10-13,2026-09-17
145,0.5586206896551724,-0.000634282786995549,0.8311826068654985,-0.026585647642966892,-0.2872278861653891,-0.23676887830835747,-0.17459053403095326,0.3121951219512195,-0.1299854381861419,-0.1449653210871681,36.90679442508711,DAX30,ibkr_daily,G_prior_close_gt_sma180_control,no_stop,1x,2022-10-13,2026-09-17
145,0.5103448275862069,-0.001034282786995548,0.7375844872786672,-0.04086495793653466,-0.4683634251106728,-0.4009692066549527,-0.19626777632507753,0.3121951219512195,-0.13038543818614187,-0.16162062155559254,36.90679442508711,DAX30,ibkr_daily,G_prior_close_gt_sma180_control,no_stop,2x,2022-10-13,2026-09-17
145,0.5517241379310345,-0.0001544302389880777,0.9528460506462624,-0.007014885352658373,-0.11023577073049379,-0.1521789744753368,-0.10744696608115867,0.3121951219512195,-0.024078391673720324,-0.07541186740147077,36.90679442508711,DAX30,ibkr_daily,G_prior_close_gt_sma180_control,stop_2pct,1x,2022-10-13,2026-09-17
145,0.5103448275862069,-0.0005544302389880778,0.8398313779157297,-0.02157254233070749,-0.39576474861157884,-0.5380737821763428,-0.13085704856751657,0.3121951219512195,-0.02447839167372032,-0.09339017904547564,36.90679442508711,DAX30,ibkr_daily,G_prior_close_gt_sma180_control,stop_2pct,2x,2022-10-13,2026-09-17
145,0.5586206896551724,-8.541769605663899e-05,0.97337641772413,-0.0046553622622114155,-0.05752818862308743,-0.06689482759242626,-0.09908539088118729,0.3121951219512195,-0.05040000000000004,-0.06675018243046105,36.90679442508711,DAX30,ibkr_daily,G_prior_close_gt_sma180_control,stop_5pct,1x,2022-10-13,2026-09-17
145,0.5103448275862069,-0.0004854176960566392,0.856915656256348,-0.019246751491157066,-0.3269252399551277,-0.38308786977871845,-0.12271176195467592,0.3121951219512195,-0.050800000000000047,-0.08489376677460558,36.90679442508711,DAX30,ibkr_daily,G_prior_close_gt_sma180_control,stop_5pct,2x,2022-10-13,2026-09-17
145,0.5586206896551724,-0.000634282786995549,0.8311826068654985,-0.026585647642966892,-0.2872278861653891,-0.23676887830835747,-0.17459053403095326,0.3121951219512195,-0.1299854381861419,-0.1449653210871681,36.90679442508711,DAX30,ibkr_daily,G_prior_close_gt_sma180_control,stop_10pct,1x,2022-10-13,2026-09-17
145,0.5103448275862069,-0.001034282786995548,0.7375844872786672,-0.04086495793653466,-0.4683634251106728,-0.4009692066549527,-0.19626777632507753,0.3121951219512195,-0.13038543818614187,-0.16162062155559254,36.90679442508711,DAX30,ibkr_daily,G_prior_close_gt_sma180_control,stop_10pct,2x,2022-10-13,2026-09-17
180,0.5611111111111111,0.0007267369510575829,1.147205992620622,0.02814172842070506,0.32727090436070055,0.3981897752771126,-0.1822540452079625,0.46941580756013745,-0.0697806957656573,-0.01779142329415584,45.18556701030928,Nasdaq100,ibkr_daily,A_none,no_stop,1x,2022-09-22,2026-09-16
180,0.5444444444444444,0.00032673695105758284,1.0638605575300428,0.009731279763973255,0.14713920532740377,0.1795724827646984,-0.19304741835990102,0.46941580756013745,-0.0701806957656573,-0.02917874861647385,45.18556701030928,Nasdaq100,ibkr_daily,A_none,no_stop,2x,2022-09-22,2026-09-16
180,0.5555555555555556,0.00071331527446684,1.1441189680330017,0.028016854637525235,0.33681349305020797,0.4697466281894476,-0.1330958387800435,0.46941580756013745,-0.05716578221111006,-0.051387860448155465,45.18556701030928,Nasdaq100,ibkr_daily,A_none,stop_2pct,1x,2022-09-22,2026-09-16
180,0.5444444444444444,0.00031331527446683987,1.0610770772044498,0.009608801580572868,0.14794133225036765,0.2058371427840777,-0.14360577418088138,0.46941580756013745,-0.05756578221111006,-0.056329431589776435,45.18556701030928,Nasdaq100,ibkr_daily,A_none,stop_2pct,2x,2022-09-22,2026-09-16
180,0.5611111111111111,0.0007267369510575829,1.147205992620622,0.02814172842070506,0.32727090436070055,0.3981897752771126,-0.1822540452079625,0.46941580756013745,-0.0697806957656573,-0.01779142329415584,45.18556701030928,Nasdaq100,ibkr_daily,A_none,stop_5pct,1x,2022-09-22,2026-09-16
180,0.5444444444444444,0.00032673695105758284,1.0638605575300428,0.009731279763973255,0.14713920532740377,0.1795724827646984,-0.19304741835990102,0.46941580756013745,-0.0701806957656573,-0.02917874861647385,45.18556701030928,Nasdaq100,ibkr_daily,A_none,stop_5pct,2x,2022-09-22,2026-09-16
180,0.5611111111111111,0.0007267369510575829,1.147205992620622,0.02814172842070506,0.32727090436070055,0.3981897752771126,-0.1822540452079625,0.46941580756013745,-0.0697806957656573,-0.01779142329415584,45.18556701030928,Nasdaq100,ibkr_daily,A_none,stop_10pct,1x,2022-09-22,2026-09-16
180,0.5444444444444444,0.00032673695105758284,1.0638605575300428,0.009731279763973255,0.14713920532740377,0.1795724827646984,-0.19304741835990102,0.46941580756013745,-0.0701806957656573,-0.02917874861647385,45.18556701030928,Nasdaq100,ibkr_daily,A_none,stop_10pct,2x,2022-09-22,2026-09-16
13,0.5384615384615384,-2.2324322016346996e-05,0.9977295712386014,-0.0013875900113673456,-0.0014329943626285738,-0.0016314093857755826,-0.10411504430814467,0.02611683848797251,-0.0697806957656573,-0.007866437410650629,3.26340206185567,Nasdaq100,ibkr_daily,E_prior_close_lt_sma180,no_stop,1x,2022-09-22,2026-09-16
13,0.46153846153846156,-0.000422324322016347,0.957922872533708,-0.0026916391344110613,-0.027108925064206212,-0.03167546448313632,-0.10487220804960884,0.02611683848797251,-0.0701806957656573,-0.009059663317521616,3.26340206185567,Nasdaq100,ibkr_daily,E_prior_close_lt_sma180,no_stop,2x,2022-09-22,2026-09-16
13,0.46153846153846156,0.003465835204424321,1.5472343670996644,0.010709296120712697,0.3143542690841445,0.7914449846407994,-0.04038384000000006,0.02611683848797251,-0.02040000000000013,-0.02824645092371758,3.26340206185567,Nasdaq100,ibkr_daily,E_prior_close_lt_sma180,stop_2pct,1x,2022-09-22,2026-09-16
13,0.46153846153846156,0.0030658352044243206,1.4681557852734297,0.009394593147592722,0.27807392099571204,0.7001025014632406,-0.04116736000000021,0.02611683848797251,-0.020800000000000127,-0.029423310339393716,3.26340206185567,Nasdaq100,ibkr_daily,E_prior_close_lt_sma180,stop_2pct,2x,2022-09-22,2026-09-16
13,0.5384615384615384,-2.2324322016346996e-05,0.9977295712386014,-0.0013875900113673456,-0.0014329943626285738,-0.0016314093857755826,-0.10411504430814467,0.02611683848797251,-0.0697806957656573,-0.007866437410650629,3.26340206185567,Nasdaq100,ibkr_daily,E_prior_close_lt_sma180,stop_5pct,1x,2022-09-22,2026-09-16
13,0.46153846153846156,-0.000422324322016347,0.957922872533708,-0.0026916391344110613,-0.027108925064206212,-0.03167546448313632,-0.10487220804960884,0.02611683848797251,-0.0701806957656573,-0.009059663317521616,3.26340206185567,Nasdaq100,ibkr_daily,E_prior_close_lt_sma180,stop_5pct,2x,2022-09-22,2026-09-16
13,0.5384615384615384,-2.2324322016346996e-05,0.9977295712386014,-0.0013875900113673456,-0.0014329943626285738,-0.0016314093857755826,-0.10411504430814467,0.02611683848797251,-0.0697806957656573,-0.007866437410650629,3.26340206185567,Nasdaq100,ibkr_daily,E_prior_close_lt_sma180,stop_10pct,1x,2022-09-22,2026-09-16
13,0.46153846153846156,-0.000422324322016347,0.957922872533708,-0.0026916391344110613,-0.027108925064206212,-0.03167546448313632,-0.10487220804960884,0.02611683848797251,-0.0701806957656573,-0.009059663317521616,3.26340206185567,Nasdaq100,ibkr_daily,E_prior_close_lt_sma180,stop_10pct,2x,2022-09-22,2026-09-16
135,0.5703703703703704,0.000436760822059114,1.095894684228997,0.011975126411782888,0.1953585662921771,0.23316199238060029,-0.13309583878004372,0.3539518900343643,-0.05716578221111006,-0.0327794116391924,33.88917525773196,Nasdaq100,ibkr_daily,G_prior_close_gt_sma180_control,no_stop,1x,2022-09-22,2026-09-16
135,0.562962962962963,3.676082205911387e-05,1.0077738101001776,-0.0016494348835630612,0.01644273279671208,0.019633964556061412,-0.1424606034772805,0.3539518900343643,-0.05756578221111006,-0.04203546625775634,33.88917525773196,Nasdaq100,ibkr_daily,G_prior_close_gt_sma180_control,no_stop,2x,2022-09-22,2026-09-16
135,0.5703703703703704,0.0003373322594260415,1.0724819565260257,0.008514459760360804,0.14942473155272537,0.17814185785741954,-0.1330958387800435,0.3539518900343643,-0.05716578221111006,-0.0327794116391924,33.88917525773196,Nasdaq100,ibkr_daily,G_prior_close_gt_sma180_control,stop_2pct,1x,2022-09-22,2026-09-16
135,0.562962962962963,-6.266774057395854e-05,0.9870205621834887,-0.005064895951089721,-0.027759308665623268,-0.03310445269457221,-0.14246060347728062,0.3539518900343643,-0.05756578221111006,-0.04203546625775634,33.88917525773196,Nasdaq100,ibkr_daily,G_prior_close_gt_sma180_control,stop_2pct,2x,2022-09-22,2026-09-16
135,0.5703703703703704,0.000436760822059114,1.095894684228997,0.011975126411782888,0.1953585662921771,0.23316199238060029,-0.13309583878004372,0.3539518900343643,-0.05716578221111006,-0.0327794116391924,33.88917525773196,Nasdaq100,ibkr_daily,G_prior_close_gt_sma180_control,stop_5pct,1x,2022-09-22,2026-09-16
135,0.562962962962963,3.676082205911387e-05,1.0077738101001776,-0.0016494348835630612,0.01644273279671208,0.019633964556061412,-0.1424606034772805,0.3539518900343643,-0.05756578221111006,-0.04203546625775634,33.88917525773196,Nasdaq100,ibkr_daily,G_prior_close_gt_sma180_control,stop_5pct,2x,2022-09-22,2026-09-16
135,0.5703703703703704,0.000436760822059114,1.095894684228997,0.011975126411782888,0.1953585662921771,0.23316199238060029,-0.13309583878004372,0.3539518900343643,-0.05716578221111006,-0.0327794116391924,33.88917525773196,Nasdaq100,ibkr_daily,G_prior_close_gt_sma180_control,stop_10pct,1x,2022-09-22,2026-09-16
135,0.562962962962963,3.676082205911387e-05,1.0077738101001776,-0.0016494348835630612,0.01644273279671208,0.019633964556061412,-0.1424606034772805,0.3539518900343643,-0.05756578221111006,-0.04203546625775634,33.88917525773196,Nasdaq100,ibkr_daily,G_prior_close_gt_sma180_control,stop_10pct,2x,2022-09-22,2026-09-16
192,0.4427083333333333,-0.00047706904637429296,0.7496432706339589,-0.024012427039884376,-0.7365013619659934,-1.0725226082672257,-0.09941529151195339,0.44136460554371004,-0.015423304221910671,-0.03369220800763684,49.84221748400853,EURUSD,ibkr_daily,A_none,no_stop,1x,2022-11-09,2026-09-17
192,0.390625,-0.000877069046374293,0.5905892610565208,-0.04329121908814482,-1.3540231798775737,-1.9574148213224436,-0.1657056698160606,0.44136460554371004,-0.01582330422191067,-0.05360090034211551,49.84221748400853,EURUSD,ibkr_daily,A_none,no_stop,2x,2022-11-09,2026-09-17
192,0.4427083333333333,-0.00047706904637429296,0.7496432706339589,-0.024012427039884376,-0.7365013619659934,-1.0725226082672257,-0.09941529151195339,0.44136460554371004,-0.015423304221910671,-0.03369220800763684,49.84221748400853,EURUSD,ibkr_daily,A_none,stop_2pct,1x,2022-11-09,2026-09-17
192,0.390625,-0.000877069046374293,0.5905892610565208,-0.04329121908814482,-1.3540231798775737,-1.9574148213224436,-0.1657056698160606,0.44136460554371004,-0.01582330422191067,-0.05360090034211551,49.84221748400853,EURUSD,ibkr_daily,A_none,stop_2pct,2x,2022-11-09,2026-09-17
192,0.4427083333333333,-0.00047706904637429296,0.7496432706339589,-0.024012427039884376,-0.7365013619659934,-1.0725226082672257,-0.09941529151195339,0.44136460554371004,-0.015423304221910671,-0.03369220800763684,49.84221748400853,EURUSD,ibkr_daily,A_none,stop_5pct,1x,2022-11-09,2026-09-17
192,0.390625,-0.000877069046374293,0.5905892610565208,-0.04329121908814482,-1.3540231798775737,-1.9574148213224436,-0.1657056698160606,0.44136460554371004,-0.01582330422191067,-0.05360090034211551,49.84221748400853,EURUSD,ibkr_daily,A_none,stop_5pct,2x,2022-11-09,2026-09-17
192,0.4427083333333333,-0.00047706904637429296,0.7496432706339589,-0.024012427039884376,-0.7365013619659934,-1.0725226082672257,-0.09941529151195339,0.44136460554371004,-0.015423304221910671,-0.03369220800763684,49.84221748400853,EURUSD,ibkr_daily,A_none,stop_10pct,1x,2022-11-09,2026-09-17
192,0.390625,-0.000877069046374293,0.5905892610565208,-0.04329121908814482,-1.3540231798775737,-1.9574148213224436,-0.1657056698160606,0.44136460554371004,-0.01582330422191067,-0.05360090034211551,49.84221748400853,EURUSD,ibkr_daily,A_none,stop_10pct,2x,2022-11-09,2026-09-17
67,0.43283582089552236,-0.000755472575115225,0.6145213835458105,-0.013228188531398066,-0.7096500222896974,-0.9674222267327124,-0.061280565595589254,0.14712153518123666,-0.013607910311312076,-0.03170952142367878,17.392857142857142,EURUSD,ibkr_daily,E_prior_close_lt_sma180,no_stop,1x,2022-11-09,2026-09-17
67,0.373134328358209,-0.0011554725751152248,0.47580781303035397,-0.02007613049942414,-1.0853883591480333,-1.4738984276858362,-0.07709114761596869,0.14712153518123666,-0.014007910311312077,-0.03520230948260028,17.392857142857142,EURUSD,ibkr_daily,E_prior_close_lt_sma180,no_stop,2x,2022-11-09,2026-09-17
67,0.43283582089552236,-0.000755472575115225,0.6145213835458105,-0.013228188531398066,-0.7096500222896974,-0.9674222267327124,-0.061280565595589254,0.14712153518123666,-0.013607910311312076,-0.03170952142367878,17.392857142857142,EURUSD,ibkr_daily,E_prior_close_lt_sma180,stop_2pct,1x,2022-11-09,2026-09-17
67,0.373134328358209,-0.0011554725751152248,0.47580781303035397,-0.02007613049942414,-1.0853883591480333,-1.4738984276858362,-0.07709114761596869,0.14712153518123666,-0.014007910311312077,-0.03520230948260028,17.392857142857142,EURUSD,ibkr_daily,E_prior_close_lt_sma180,stop_2pct,2x,2022-11-09,2026-09-17
67,0.43283582089552236,-0.000755472575115225,0.6145213835458105,-0.013228188531398066,-0.7096500222896974,-0.9674222267327124,-0.061280565595589254,0.14712153518123666,-0.013607910311312076,-0.03170952142367878,17.392857142857142,EURUSD,ibkr_daily,E_prior_close_lt_sma180,stop_5pct,1x,2022-11-09,2026-09-17
67,0.373134328358209,-0.0011554725751152248,0.47580781303035397,-0.02007613049942414,-1.0853883591480333,-1.4738984276858362,-0.07709114761596869,0.14712153518123666,-0.014007910311312077,-0.03520230948260028,17.392857142857142,EURUSD,ibkr_daily,E_prior_close_lt_sma180,stop_5pct,2x,2022-11-09,2026-09-17
67,0.43283582089552236,-0.000755472575115225,0.6145213835458105,-0.013228188531398066,-0.7096500222896974,-0.9674222267327124,-0.061280565595589254,0.14712153518123666,-0.013607910311312076,-0.03170952142367878,17.392857142857142,EURUSD,ibkr_daily,E_prior_close_lt_sma180,stop_10pct,1x,2022-11-09,2026-09-17
67,0.373134328358209,-0.0011554725751152248,0.47580781303035397,-0.02007613049942414,-1.0853883591480333,-1.4738984276858362,-0.07709114761596869,0.14712153518123666,-0.014007910311312077,-0.03520230948260028,17.392857142857142,EURUSD,ibkr_daily,E_prior_close_lt_sma180,stop_10pct,2x,2022-11-09,2026-09-17
93,0.44086021505376344,-0.0002764984143660388,0.8387429187090888,-0.006894134283719544,-0.30365219326749904,-0.43135563942641925,-0.05516422127505605,0.21179815209665956,-0.015423304221910671,-0.03539918473964487,24.14232409381663,EURUSD,ibkr_daily,G_prior_close_gt_sma180_control,no_stop,1x,2022-11-09,2026-09-17
93,0.3870967741935484,-0.0006764984143660386,0.6535986946787751,-0.016443048322035136,-0.7429345579981886,-1.0582151807386426,-0.07294099243855212,0.21179815209665956,-0.01582330422191067,-0.04615841426422029,24.14232409381663,EURUSD,ibkr_daily,G_prior_close_gt_sma180_control,no_stop,2x,2022-11-09,2026-09-17
93,0.44086021505376344,-0.0002764984143660388,0.8387429187090888,-0.006894134283719544,-0.30365219326749904,-0.43135563942641925,-0.05516422127505605,0.21179815209665956,-0.015423304221910671,-0.03539918473964487,24.14232409381663,EURUSD,ibkr_daily,G_prior_close_gt_sma180_control,stop_2pct,1x,2022-11-09,2026-09-17
93,0.3870967741935484,-0.0006764984143660386,0.6535986946787751,-0.016443048322035136,-0.7429345579981886,-1.0582151807386426,-0.07294099243855212,0.21179815209665956,-0.01582330422191067,-0.04615841426422029,24.14232409381663,EURUSD,ibkr_daily,G_prior_close_gt_sma180_control,stop_2pct,2x,2022-11-09,2026-09-17
93,0.44086021505376344,-0.0002764984143660388,0.8387429187090888,-0.006894134283719544,-0.30365219326749904,-0.43135563942641925,-0.05516422127505605,0.21179815209665956,-0.015423304221910671,-0.03539918473964487,24.14232409381663,EURUSD,ibkr_daily,G_prior_close_gt_sma180_control,stop_5pct,1x,2022-11-09,2026-09-17
93,0.3870967741935484,-0.0006764984143660386,0.6535986946787751,-0.016443048322035136,-0.7429345579981886,-1.0582151807386426,-0.07294099243855212,0.21179815209665956,-0.01582330422191067,-0.04615841426422029,24.14232409381663,EURUSD,ibkr_daily,G_prior_close_gt_sma180_control,stop_5pct,2x,2022-11-09,2026-09-17
93,0.44086021505376344,-0.0002764984143660388,0.8387429187090888,-0.006894134283719544,-0.30365219326749904,-0.43135563942641925,-0.05516422127505605,0.21179815209665956,-0.015423304221910671,-0.03539918473964487,24.14232409381663,EURUSD,ibkr_daily,G_prior_close_gt_sma180_control,stop_10pct,1x,2022-11-09,2026-09-17
93,0.3870967741935484,-0.0006764984143660386,0.6535986946787751,-0.016443048322035136,-0.7429345579981886,-1.0582151807386426,-0.07294099243855212,0.21179815209665956,-0.01582330422191067,-0.04615841426422029,24.14232409381663,EURUSD,ibkr_daily,G_prior_close_gt_sma180_control,stop_10pct,2x,2022-11-09,2026-09-17
192,0.453125,-0.0005019555538175418,0.7528996243499652,-0.025269910457219935,-0.7416449494550869,-1.085010843315954,-0.11752454706647764,0.44136460554371004,-0.020573680694722696,-0.0572715282990206,49.84221748400853,GBPUSD,ibkr_daily,A_none,no_stop,1x,2022-11-09,2026-09-17
192,0.3958333333333333,-0.0009019555538175421,0.6008436965046657,-0.04452437508552887,-1.3326494268950726,-1.920355434530411,-0.16739216296770765,0.44136460554371004,-0.020973680694722694,-0.07596456824811149,49.84221748400853,GBPUSD,ibkr_daily,A_none,no_stop,2x,2022-11-09,2026-09-17
192,0.453125,-0.0005019555538175418,0.7528996243499652,-0.025269910457219935,-0.7416449494550869,-1.085010843315954,-0.11752454706647764,0.44136460554371004,-0.020573680694722696,-0.0572715282990206,49.84221748400853,GBPUSD,ibkr_daily,A_none,stop_2pct,1x,2022-11-09,2026-09-17
192,0.3958333333333333,-0.0009019555538175421,0.6008436965046657,-0.04452437508552887,-1.3326494268950726,-1.920355434530411,-0.16739216296770765,0.44136460554371004,-0.020973680694722694,-0.07596456824811149,49.84221748400853,GBPUSD,ibkr_daily,A_none,stop_2pct,2x,2022-11-09,2026-09-17
192,0.453125,-0.0005019555538175418,0.7528996243499652,-0.025269910457219935,-0.7416449494550869,-1.085010843315954,-0.11752454706647764,0.44136460554371004,-0.020573680694722696,-0.0572715282990206,49.84221748400853,GBPUSD,ibkr_daily,A_none,stop_5pct,1x,2022-11-09,2026-09-17
192,0.3958333333333333,-0.0009019555538175421,0.6008436965046657,-0.04452437508552887,-1.3326494268950726,-1.920355434530411,-0.16739216296770765,0.44136460554371004,-0.020973680694722694,-0.07596456824811149,49.84221748400853,GBPUSD,ibkr_daily,A_none,stop_5pct,2x,2022-11-09,2026-09-17
192,0.453125,-0.0005019555538175418,0.7528996243499652,-0.025269910457219935,-0.7416449494550869,-1.085010843315954,-0.11752454706647764,0.44136460554371004,-0.020573680694722696,-0.0572715282990206,49.84221748400853,GBPUSD,ibkr_daily,A_none,stop_10pct,1x,2022-11-09,2026-09-17
192,0.3958333333333333,-0.0009019555538175421,0.6008436965046657,-0.04452437508552887,-1.3326494268950726,-1.920355434530411,-0.16739216296770765,0.44136460554371004,-0.020973680694722694,-0.07596456824811149,49.84221748400853,GBPUSD,ibkr_daily,A_none,stop_10pct,2x,2022-11-09,2026-09-17
46,0.34782608695652173,-0.001029327920714131,0.5443913791076697,-0.012350587656116518,-0.7631107472211826,-1.3507832855390502,-0.058326930806564814,0.1023454157782516,-0.008911416267165006,-0.03241280938082025,11.94136460554371,GBPUSD,ibkr_daily,E_prior_close_lt_sma180,no_stop,1x,2022-11-09,2026-09-17
46,0.2608695652173913,-0.001429327920714131,0.4360316934497579,-0.017062772301146722,-1.0596579337355632,-1.7986832847141498,-0.06958420383365638,0.1023454157782516,-0.009311416267165007,-0.038599577642309146,11.94136460554371,GBPUSD,ibkr_daily,E_prior_close_lt_sma180,no_stop,2x,2022-11-09,2026-09-17
46,0.34782608695652173,-0.001029327920714131,0.5443913791076697,-0.012350587656116518,-0.7631107472211826,-1.3507832855390502,-0.058326930806564814,0.1023454157782516,-0.008911416267165006,-0.03241280938082025,11.94136460554371,GBPUSD,ibkr_daily,E_prior_close_lt_sma180,stop_2pct,1x,2022-11-09,2026-09-17
46,0.2608695652173913,-0.001429327920714131,0.4360316934497579,-0.017062772301146722,-1.0596579337355632,-1.7986832847141498,-0.06958420383365638,0.1023454157782516,-0.009311416267165007,-0.038599577642309146,11.94136460554371,GBPUSD,ibkr_daily,E_prior_close_lt_sma180,stop_2pct,2x,2022-11-09,2026-09-17
46,0.34782608695652173,-0.001029327920714131,0.5443913791076697,-0.012350587656116518,-0.7631107472211826,-1.3507832855390502,-0.058326930806564814,0.1023454157782516,-0.008911416267165006,-0.03241280938082025,11.94136460554371,GBPUSD,ibkr_daily,E_prior_close_lt_sma180,stop_5pct,1x,2022-11-09,2026-09-17
46,0.2608695652173913,-0.001429327920714131,0.4360316934497579,-0.017062772301146722,-1.0596579337355632,-1.7986832847141498,-0.06958420383365638,0.1023454157782516,-0.009311416267165007,-0.038599577642309146,11.94136460554371,GBPUSD,ibkr_daily,E_prior_close_lt_sma180,stop_5pct,2x,2022-11-09,2026-09-17
46,0.34782608695652173,-0.001029327920714131,0.5443913791076697,-0.012350587656116518,-0.7631107472211826,-1.3507832855390502,-0.058326930806564814,0.1023454157782516,-0.008911416267165006,-0.03241280938082025,11.94136460554371,GBPUSD,ibkr_daily,E_prior_close_lt_sma180,stop_10pct,1x,2022-11-09,2026-09-17
46,0.2608695652173913,-0.001429327920714131,0.4360316934497579,-0.017062772301146722,-1.0596579337355632,-1.7986832847141498,-0.06958420383365638,0.1023454157782516,-0.009311416267165007,-0.038599577642309146,11.94136460554371,GBPUSD,ibkr_daily,E_prior_close_lt_sma180,stop_10pct,2x,2022-11-09,2026-09-17
114,0.4649122807017544,-0.0005366894383836907,0.7248923144389136,-0.01606384740754685,-0.6415319378458119,-0.858414404627648,-0.0712572069880083,0.2565742714996446,-0.020573680694722696,-0.025691451022922918,29.593816631130064,GBPUSD,ibkr_daily,G_prior_close_gt_sma180_control,no_stop,1x,2022-11-09,2026-09-17
114,0.40350877192982454,-0.0009366894383836909,0.5693646574540728,-0.027651276452849483,-1.1196721000803198,-1.4854246842398804,-0.10822663282536293,0.2565742714996446,-0.020973680694722694,-0.03886516974287435,29.593816631130064,GBPUSD,ibkr_daily,G_prior_close_gt_sma180_control,no_stop,2x,2022-11-09,2026-09-17
114,0.4649122807017544,-0.0005366894383836907,0.7248923144389136,-0.01606384740754685,-0.6415319378458119,-0.858414404627648,-0.0712572069880083,0.2565742714996446,-0.020573680694722696,-0.025691451022922918,29.593816631130064,GBPUSD,ibkr_daily,G_prior_close_gt_sma180_control,stop_2pct,1x,2022-11-09,2026-09-17
114,0.40350877192982454,-0.0009366894383836909,0.5693646574540728,-0.027651276452849483,-1.1196721000803198,-1.4854246842398804,-0.10822663282536293,0.2565742714996446,-0.020973680694722694,-0.03886516974287435,29.593816631130064,GBPUSD,ibkr_daily,G_prior_close_gt_sma180_control,stop_2pct,2x,2022-11-09,2026-09-17
114,0.4649122807017544,-0.0005366894383836907,0.7248923144389136,-0.01606384740754685,-0.6415319378458119,-0.858414404627648,-0.0712572069880083,0.2565742714996446,-0.020573680694722696,-0.025691451022922918,29.593816631130064,GBPUSD,ibkr_daily,G_prior_close_gt_sma180_control,stop_5pct,1x,2022-11-09,2026-09-17
114,0.40350877192982454,-0.0009366894383836909,0.5693646574540728,-0.027651276452849483,-1.1196721000803198,-1.4854246842398804,-0.10822663282536293,0.2565742714996446,-0.020973680694722694,-0.03886516974287435,29.593816631130064,GBPUSD,ibkr_daily,G_prior_close_gt_sma180_control,stop_5pct,2x,2022-11-09,2026-09-17
114,0.4649122807017544,-0.0005366894383836907,0.7248923144389136,-0.01606384740754685,-0.6415319378458119,-0.858414404627648,-0.0712572069880083,0.2565742714996446,-0.020573680694722696,-0.025691451022922918,29.593816631130064,GBPUSD,ibkr_daily,G_prior_close_gt_sma180_control,stop_10pct,1x,2022-11-09,2026-09-17
114,0.40350877192982454,-0.0009366894383836909,0.5693646574540728,-0.027651276452849483,-1.1196721000803198,-1.4854246842398804,-0.10822663282536293,0.2565742714996446,-0.020973680694722694,-0.03886516974287435,29.593816631130064,GBPUSD,ibkr_daily,G_prior_close_gt_sma180_control,stop_10pct,2x,2022-11-09,2026-09-17
1034,0.5009671179883946,-0.00026828127460996827,0.9031415353755124,-0.01603670907648025,-0.217128597526178,-0.2337006148873727,-0.3585971711499778,0.0,-0.10488537056289908,-0.12261465912712555,52.34490644490644,SPY,ibkr_weekly_gap,A_none,no_stop,1x,2006-12-13,2026-09-14
1034,0.4738878143133462,-0.0006682812746099683,0.7753085466222726,-0.036435810796864754,-0.540861363209274,-0.590426082291636,-0.554791654976397,0.0,-0.10528537056289908,-0.14072496197283735,52.34490644490644,SPY,ibkr_weekly_gap,A_none,no_stop,2x,2006-12-13,2026-09-14
1201,0.5187343880099917,0.00018656519182458974,1.0715026329851387,0.007580586866599015,0.14754317670673625,0.16901469405562702,-0.2585090368839331,0.0,-0.08745772811918066,-0.06822377254200884,52.27183627264061,FTSE100,ibkr_weekly_gap,A_none,no_stop,1x,2003-09-23,2026-09-14
1201,0.48376353039134057,-0.00021343480817541044,0.9240138580299689,-0.013269951704239391,-0.1687927383989234,-0.1969793800464138,-0.4355904012171431,0.0,-0.08785772811918066,-0.087435043159237,52.27183627264061,FTSE100,ibkr_weekly_gap,A_none,no_stop,2x,2003-09-23,2026-09-14
1108,0.4936823104693141,-0.00020715852217131778,0.9271320280812725,-0.012923398901682925,-0.16480241864314574,-0.17703416944892028,-0.35517705448302395,0.0,-0.09196068389649707,-0.14711250007122023,52.232447083118224,DAX30,ibkr_weekly_gap,A_none,no_stop,1x,2005-06-28,2026-09-14
1108,0.44855595667870035,-0.0006071585221713179,0.8013375271220268,-0.033342355527751666,-0.48301750709961977,-0.53144428227877,-0.5330035179741339,0.0,-0.09236068389649707,-0.16472706243131752,52.232447083118224,DAX30,ibkr_weekly_gap,A_none,no_stop,2x,2005-06-28,2026-09-14
1177,0.5131690739167375,-0.00030587491198434506,0.8948796674623165,-0.017945642960128683,-0.24650932396633984,-0.26460871925102203,-0.4292162936524374,0.0,-0.08382327274633287,-0.15415258955171707,52.241979584396645,Nasdaq100,ibkr_weekly_gap,A_none,no_stop,1x,2004-03-04,2026-09-14
1177,0.4723874256584537,-0.0007058749119843451,0.7731891844340868,-0.03826631441457018,-0.5688755126375525,-0.6226362662167012,-0.6300705711418573,0.0,-0.08422327274633287,-0.17162427997583063,52.241979584396645,Nasdaq100,ibkr_weekly_gap,A_none,no_stop,2x,2004-03-04,2026-09-14
1123,0.2965271593944791,-0.00046100002757499967,0.42665665147885795,-0.02387236093605649,-1.7378852037915695,-2.223006873948723,-0.4063642293049916,0.0,-0.01642470848906701,-0.06752387906276969,52.19185010815625,EURUSD,ibkr_weekly_gap,A_none,no_stop,1x,2005-03-09,2026-09-14
1123,0.1798753339269813,-0.0008610000275749998,0.2252470387024319,-0.044052753746023576,-3.245811537708185,-4.251997640150199,-0.6208594851373568,0.0,-0.016824708489067006,-0.08674851498033131,52.19185010815625,EURUSD,ibkr_weekly_gap,A_none,no_stop,2x,2005-03-09,2026-09-14
1123,0.26001780943900266,-0.0005545918792945671,0.32572472175942785,-0.028610760491874276,-2.3689137439221386,-2.8855687975458864,-0.4645686635662607,0.0,-0.01702581848776379,-0.06036118137603841,52.19185010815625,GBPUSD,ibkr_weekly_gap,A_none,no_stop,1x,2005-03-09,2026-09-14
1123,0.15138023152270705,-0.0009545918792945672,0.16386045372866628,-0.048695037306432876,-4.07749537474974,-5.0419737259832695,-0.6583003324322547,0.0,-0.017425818487763787,-0.07973063588494778,52.19185010815625,GBPUSD,ibkr_weekly_gap,A_none,no_stop,2x,2005-03-09,2026-09-14
